instance,failed,satisfaction,exact_low,exact_high,near_1pct_low,near_1pct_high,near_5pct_low,near_5pct_high,perturbed_low,perturbed_high
0,F1,0.7454545454545455,0.37499996874999997,0.6744186111111111,0.21062468749999996,0.7166279444444444,0.12499996874999997,0.7454545370370371,0.4814814814814815,0.4814815555555556
0,F2,0.6363636363636364,0.2592592592592593,0.444444462962963,0.2592592407407408,0.48037042592592594,0.1791665,0.6115385,0.2592592592592593,0.2592592777777777
0,F3,0.6909090909090909,0.40740738888888894,0.40740740740740744,0.37037035185185185,0.4487037777777778,0.37037035185185185,0.6138889624999999,0.40740738888888894,0.40740742592592594
0,S1,0.7363636363636363,0.4629629629629629,0.6282051416666667,0.38999966666666663,0.6876923888888888,0.0,0.7363636296296296,0.4629629629629629,0.4629629814814815
0,S2,0.7,0.40740738888888894,0.42592592592592593,0.38888887037037045,0.46805562962962965,0.38888887037037045,0.6365741481481482,0.40740738888888894,0.40740742592592594
0,S3,0.8363636363636364,0.5833333333333333,0.8363636370370371,0.459583125,0.8363636370370371,0.24999995833333333,0.8363636370370371,0.6666666666666667,0.6666666851851852
0,W1,0.8,0.3125,0.744186053125,0.31249996874999997,0.7803489074074074,0.31249996874999997,0.8,0.5925925925925926,0.5925926666666667
0,W2,0.8909090909090909,0.7777777777777778,0.7777777962962963,0.7777777592592593,0.8351852592592592,0.4999999583333333,0.890909090625,0.7777777777777778,0.7777777962962963
0,W3,0.8727272727272728,0.7407407407407407,0.7407407407407407,0.7407407222222222,0.7948148888888888,0.41666662500000007,0.8727272708333333,0.7407407407407407,0.7407407592592592
0,W4,0.7090909090909091,0.0,0.0,0.0,0.09083350000000001,0.0,0.4541668333333333,0.0,0.0
1,F1,0.8518518518518519,0.6666666666666667,0.6666667083333333,0.666666625,0.7554168958333334,0.666666625,0.85185185,0.708333275,0.7083333583333333
1,F2,0.7222222222222222,0.375,0.3750000416666667,0.3749999583333333,0.426041875,0.3749999583333333,0.6302085208333332,0.375,0.3750000416666667
1,F3,0.5925925925925926,0.33333333333333337,0.33333337499999993,0.29722204166666666,0.4416671666666666,0.15277762500000003,0.5925925916666666,0.5,0.5000000333333333
1,F4,0.9444444444444444,0.875,0.8750000208333333,0.8749999583333333,0.9444444433333333,0.8749999583333333,0.9444444433333333,0.875,0.875000025
1,S1,0.6851851851851851,0.33333333333333337,0.33333337499999993,0.30152762499999997,0.381041875,0.29166662499999996,0.5718752083333334,0.33333333333333337,0.33333337499999993
1,S2,0.5925925925925926,0.08333333333333337,0.33333337499999993,0.08333329166666659,0.37229187500000005,0.08333329166666659,0.5281252083333334,0.33333258333333327,0.33333337499999993
1,S3,0.7592592592592593,0.45833333333333337,0.45833337499999993,0.4583332916666667,0.5177085416666667,0.4583332916666667,0.7552085208333333,0.45833333333333337,0.45833337499999993
1,W1,0.7407407407407407,0.41666666666666663,0.7083333541666667,0.41666662500000007,0.74074074,0.41666662500000007,0.74074074,0.708333275,0.7083333583333333
1,W2,0.6481481481481481,0.33333333333333337,0.6481481333333334,0.3020831666666667,0.6481481333333334,0.2083332916666666,0.6481481333333334,0.6,0.6000000333333333
1,W3,0.9074074074074074,0.7916666666666666,0.7916666875,0.791666625,0.86312525,0.791666625,0.9074074066666666,0.7916666666666666,0.7916666916666667
1,W4,0.9259259259259259,0.8333333333333334,0.8333333541666667,0.8333332916666667,0.91562525,0.8333332916666667,0.925925925,0.8333333333333334,0.8333333583333333
3,F1,0.8952380952380953,0.7884615384615384,0.7884615576923077,0.7884615192307692,0.8942309038461539,0.7884615192307692,0.8952380943396226,0.7884615384615384,0.7884615576923077
3,F2,0.8571428571428572,0.7115384615384616,0.7115384807692308,0.7115384423076923,0.8000001346153847,0.7115384423076923,0.8571428566037735,0.7115384615384616,0.7115384807692308
3,F3,0.6666666666666667,0.32692307692307687,0.32692309615384607,0.3269230576923078,0.3913463076923077,0.3269230576923078,0.6490386153846154,0.32692307692307687,0.32692309615384607
3,S1,0.9142857142857143,0.8269230769230769,0.8269230961538461,0.8269230576923077,0.9142857134615384,0.8269230576923077,0.9142857134615384,0.8269230769230769,0.8269230942307693
3,S2,0.780952380952381,0.5576923076923077,0.5576923269230769,0.5576922884615385,0.6480770576923076,0.5576922884615385,0.7809523773584905,0.5576923076923077,0.5576923269230769
3,S3,0.6285714285714286,0.25,0.2500000192307692,0.2499999807692308,0.30826936538461536,0.2499999807692308,0.5413462884615384,0.25,0.2500000192307692
3,W1,0.5428571428571429,0.07692307692307687,0.07692309615384607,0.07692305769230778,0.13288475,0.07692305769230778,0.3567309038461539,0.07692307692307687,0.07692309615384607
3,W2,0.6952380952380952,0.3846153846153846,0.3846153846153846,0.3846153653846154,0.4175962115384615,0.3846153653846154,0.5495193076923077,0.3846153846153846,0.3846154038461539
3,W3,0.8952380952380953,0.7884615384615384,0.7884615384615384,0.7884615192307692,0.8366346826923077,0.7884615192307692,0.8952380943396226,0.7884615384615384,0.7884615576923077
4,F1,0.8282828282828283,0.679245283018868,0.8282828282608696,0.6304347608695652,0.8282828282608696,0.6304347608695652,0.8282828282608696,0.679245283018868,0.6792453396226414
4,F2,0.8282828282828283,0.7391304130434783,0.7391304565217391,0.6304347608695652,0.8282828282608696,0.6304347608695652,0.8282828282608696,0.7391303695652174,0.7391304565217391
4,F3,0.8484848484848485,0.7826086739130436,0.8484848478260869,0.674999804347826,0.8484848478260869,0.6739130217391305,0.8484848478260869,0.7924528113207547,0.792452962264151
4,S1,0.7575757575757576,0.5869565,0.7173913260869564,0.4930432826086957,0.7575757547169811,0.4782608478260869,0.7575757547169811,0.717391152173913,0.7173913260869564
4,S2,0.6363636363636364,0.4565217173913043,0.4565217608695652,0.3808693913043478,0.5321740652173913,0.21739128260869567,0.6363636304347826,0.45652167391304344,0.4565217608695652
4,S3,0.7272727272727273,0.5217391086956522,0.6521739347826087,0.4323911086956521,0.7272727173913043,0.4130434565217391,0.7272727173913043,0.6521737608695652,0.6521739347826087
4,W1,0.9494949494949495,0.9056603773584906,0.9056603962264151,0.8913043260869565,0.9494949490566038,0.8913043260869565,0.9494949490566038,0.9056603773584906,0.9056604245283019
4,W2,0.8888888888888888,0.8695651956521739,0.8695652391304348,0.7608695434782609,0.8888888886792453,0.7608695434782609,0.8888888886792453,0.8695651956521739,0.8695652369565218
4,W3,0.696969696969697,0.4565217173913043,0.4565217608695652,0.37173895652173916,0.5413045217391304,0.34782606521739123,0.6969696956521739,0.45652167391304344,0.4565217608695652
4,W4,0.7676767676767677,0.5660377358490566,0.5660377547169811,0.566037716981132,0.656792603773585,0.4999999782608695,0.7676767608695652,0.5660377358490566,0.5660377924528301
5,F1,0.96,0.9259259259259259,0.9259259444444444,0.9130434347826086,0.96,0.9130434347826086,0.96,0.9259259259259259,0.9259259407407407
5,F2,0.74,0.5185185185185186,0.5185185555555556,0.5185184814814815,0.5833334814814815,0.5185184814814815,0.74,0.5185185185185186,0.5185185555555556
5,F3,0.98,0.962962962962963,0.9629629814814815,0.9565216956521739,0.98,0.9565216956521739,0.98,0.962962962962963,0.9629629788888889
5,S1,0.96,0.9259259259259259,0.9259259444444444,0.9160866956521739,0.96,0.9130434347826086,0.96,0.9259259259259259,0.9259259407407407
5,S2,0.98,0.962962962962963,0.9629629814814815,0.9565216956521739,0.98,0.9565216956521739,0.98,0.962962962962963,0.9629629788888889
5,S3,0.98,0.962962962962963,0.9629629814814815,0.9565216956521739,0.98,0.9565216956521739,0.98,0.962962962962963,0.9629629788888889
5,W1,0.78,0.5925925925925926,0.5925926296296296,0.5925925555555556,0.6451853518518518,0.5925925555555556,0.78,0.5925925925925926,0.5925926296296296
5,W2,0.92,0.8518518518518519,0.8518518888888889,0.8518518148148149,0.92,0.8260869130434783,0.92,0.8518518518518519,0.8518518666666667
5,W3,0.8200000000000001,0.6666666666666667,0.6666667037037037,0.6666666296296296,0.7877781111111111,0.6086956086956522,0.82,0.6666666666666667,0.6666666814814814
10,F1,0.8484848484848485,0.75,0.75000005,0.74999995,0.8484848461538461,0.6153845384615384,0.8484848461538461,0.75,0.75000004
10,F2,0.9090909090909091,0.7692307692307692,0.7692308461538462,0.7692306923076924,0.9076930769230769,0.7692306923076924,0.9090909076923077,0.7692307692307692,0.7692308307692308
10,F3,0.8484848484848485,0.75,0.75000005,0.74999995,0.8255004,0.6153845384615384,0.8484848461538461,0.75,0.75000004
10,S1,0.8787878787878788,0.6923076923076923,0.6923077692307693,0.6923076153846154,0.8184621538461538,0.6923076153846154,0.8787878769230769,0.6923076923076923,0.6923077538461538
10,S2,0.9393939393939394,0.8461538461538461,0.846153923076923,0.8461537692307692,0.9393939392307692,0.8461537692307692,0.9393939392307692,0.8461538461538461,0.8461539076923077
10,S3,0.7272727272727273,0.3076923076923077,0.3076923846153845,0.3076922307692308,0.4100006153846154,0.3076922307692308,0.727272725,0.3076923076923077,0.30769236923076926
10,W1,0.9090909090909091,0.85,0.85000005,0.84999995,0.9090909076923077,0.7692306923076924,0.9090909076923077,0.85,0.8500000400000001
10,W2,0.6666666666666667,0.15384615384615385,0.15384623076923076,0.15384607692307695,0.23615461538461535,0.15384607692307695,0.5653853846153847,0.15384615384615385,0.15384623076923076
10,W3,0.6060606060606061,0.35,0.35000005,0.34999995000000006,0.4035002999999999,0.34999995000000006,0.606060605,0.35,0.35000005
11,F1,0.9734513274336283,0.8695652173913043,0.8695652608695652,0.8695651739130434,0.9610389608695652,0.8695651739130434,0.9610389608695652,0.8695652173913043,0.8695652478260869
11,F2,0.6902654867256637,0.0,0.0,0.0,0.09647082352941172,0.0,0.434408652173913,0.0,5.88235294918249e-08
11,F3,0.7079646017699115,0.0,0.5714285695652175,0.0,0.5714285695652175,0.0,0.5714285695652175,0.0,2.1739130440234788e-07
11,S1,0.752212389380531,0.0,5.88235294918249e-08,0.0,0.10941199999999995,0.0,0.5333333913043479,0.0,5.88235294918249e-08
11,S2,0.9557522123893806,0.7058823529411764,0.7058823823529412,0.705882294117647,0.8835296764705882,0.705882294117647,0.9557522123529412,0.7058823529411764,0.7058823941176471
11,S3,0.8053097345132744,0.2941176470588235,0.2941176470588235,0.2941175882352942,0.4379414411764706,0.04347821739130431,0.8053097347826087,0.2941176470588235,0.29411770588235286
11,S4,0.9646017699115044,0.7647058823529411,0.7647059117647059,0.7647058235294117,0.9208825869565217,0.7647058235294117,0.96460177,0.7647058823529411,0.7647059235294118
11,W1,0.7699115044247787,0.0,0.0,0.0,0.07098052941176469,0.0,0.3549021176470588,0.0,5.88235294918249e-08
11,W2,0.911504424778761,0.5652173913043479,0.5652174347826087,0.565217347826087,0.7986960869565217,0.565217347826087,0.8701298695652173,0.5652173913043479,0.5652174217391304
11,W3,0.49557522123893805,0.0,0.25974025925925925,0.0,0.25974025925925925,0.0,0.25974025925925925,0.0,2.1739130440234788e-07
13,F1,0.9519230769230769,0.8648648648648649,0.8648648918918919,0.6153845384615384,0.9519230756756757,0.6153845384615384,0.9519230756756757,0.8648648648648649,0.8648649810810811
13,F2,0.9615384615384616,0.8918918918918919,0.891891918918919,0.6923076153846154,0.9615384605263158,0.6923076153846154,0.9615384605263158,0.8918918918918919,0.8918923918918918
13,F3,0.7980769230769231,0.0,0.23076930769230763,0.0,0.5873017027027027,0.0,0.7743590054054054,0.0,7.692307690820854e-08
13,S1,0.9423076923076923,0.8378378378378378,0.8378378648648649,0.5384614615384615,0.9331361423076923,0.5384614615384615,0.9423076918918919,0.8378378378378378,0.837837954054054
13,S2,0.9038461538461539,0.6923076153846154,0.8000000189189189,0.23076915384615393,0.880274775,0.23076915384615393,0.903846152631579,0.6923073615384616,0.6923077923076923
13,S3,0.9230769230769231,0.7837837837837838,0.7837838108108108,0.44230661538461535,0.9008876375,0.3846153076923078,0.9230769230769231,0.7837837837837838,0.7837839
13,W1,0.7211538461538461,0.21621621621621623,0.2162162432432433,0.21621618918918917,0.34973,0.0,0.6313609923076923,0.0,4.999999999588667e-07
13,W2,0.9423076923076923,0.5384615384615384,0.5384616153846153,0.5384614615384615,0.9226985538461538,0.5384614615384615,0.9423076918918919,0.5384615384615384,0.538461576923077
13,W3,0.9134615384615384,0.3076923076923077,0.30769233076923075,0.3076922307692308,0.4733336384615384,0.3076922307692308,0.9134615375,0.3076923076923077,0.30769233076923075
16,F1,0.9074074074074074,0.8809523809523809,0.8809523928571429,0.8724995833333333,0.9074074071428572,0.5833332499999999,0.9074074071428572,0.8809523809523809,0.8809523952380952
16,F2,0.6666666666666667,0.5714285714285714,0.5714285714285714,0.5714285476190476,0.6009524761904761,0.48333291666666667,0.6666666666666667,0.5714285714285714,0.5714285952380953
16,F3,0.7962962962962963,0.7380952380952381,0.7857143095238095,0.6841662500000001,0.7962962952380952,0.2541662499999999,0.7962962952380952,0.7857142595238096,0.7857146761904762
16,F4,0.9074074074074074,0.8809523809523809,0.8809523928571429,0.87666625,0.9074074071428572,0.5833332499999999,0.9074074071428572,0.8809523809523809,0.8809523952380952
16,S1,0.7962962962962963,0.7380952380952381,0.7380952619047618,0.7380952142857142,0.7962962952380952,0.34166624999999995,0.7962962952380952,0.785714169047619,0.7857146761904762
16,S2,0.6851851851851851,0.5952380952380952,0.595238119047619,0.5952380714285714,0.6195239047619048,0.574999625,0.6851851833333333,0.5952380952380952,0.595238119047619
16,S3,0.5555555555555556,0.4285714285714286,0.4285714285714286,0.4285714047619047,0.4476191190476191,0.4285714047619047,0.5238095952380952,0.4285714285714286,0.4285714523809524
16,W1,0.6111111111111112,0.5,0.5000000238095239,0.4999999761904762,0.5239286666666667,0.4999999761904762,0.6111111083333334,0.5,0.5000000238095239
16,W2,0.8703703703703703,0.8333333333333334,0.8333333452380952,0.8333333095238096,0.8698810476190476,0.4166665833333333,0.8703703666666667,0.8333333333333334,0.8333333476190476
16,W3,0.6296296296296297,0.0,0.629629619047619,0.0,0.629629619047619,0.0,0.629629619047619,0.0,8.33333332339592e-08
17,F1,0.8194444444444444,0.6428570714285714,0.6428572142857143,0.41999946428571433,0.7521429642857143,0.0714285,0.8194444421052631,0.6428570714285714,0.6428571857142857
17,F2,0.6388888888888888,0.0714285,0.2142857857142857,0.0,0.4250007857142857,0.0,0.6078948214285714,0.07142814285714283,0.07142935714285714
17,F3,0.625,0.0,0.35714287857142857,0.0,0.41928599999999994,0.0,0.625,0.0,7.142857139097458e-08
17,S1,0.7638888888888888,0.3571427857142858,0.3571429285714285,0.15785657142857146,0.612858,0.0,0.7638888857142857,0.3571427857142858,0.35714290000000004
17,S2,0.9305555555555556,0.8214285714285714,0.8214286071428571,0.7414279642857142,0.9128572642857142,0.5454544545454545,0.9305555554545455,0.8214285714285714,0.8214286071428571
17,S3,0.8055555555555556,0.5714285,0.5714286428571429,0.3785709285714286,0.7342858714285714,0.0,0.8055555545454546,0.5714285,0.5714286142857143
17,S4,0.9166666666666666,0.7857142857142857,0.7857143214285714,0.7685708214285714,0.8792858357142858,0.45454536363636366,0.9166666642857143,0.7857142857142857,0.7857143214285714
17,W1,0.75,0.3571428571428571,0.35714289285714285,0.35714282142857134,0.46714307142857137,0.2142856428571429,0.6816327636363637,0.3571428571428571,0.35714289285714285
17,W2,0.8611111111111112,0.7142856785714287,0.7142857499999999,0.5385702142857143,0.78982155,0.26363584545454544,0.8611111090909092,0.7142856928571428,0.7142857499999999
17,W3,0.7361111111111112,0.2142857142857143,0.5476190714285715,0.2142856428571429,0.6340478785714285,0.18181809090909096,0.7142857142857143,0.2142857142857143,0.2142857857142857
17,W4,0.7361111111111112,0.2142856428571429,0.2142857857142857,0.0714285,0.41785785714285706,0.0,0.7361111090909092,0.2142856428571429,0.2142857857142857
19,F1,0.7037037037037037,0.5294117647058824,0.5882353235294118,0.529411705882353,0.6270591470588235,0.529411705882353,0.7037037,0.5882351176470588,0.5882353294117647
19,F2,0.8518518518518519,0.7647058823529411,0.8235294411764706,0.7647058235294117,0.8518518500000001,0.5999999,0.8518518500000001,0.8235292352941177,0.8235294470588235
19,F3,0.9259259259259259,0.8823529411764706,0.8823529705882353,0.8823528823529412,0.9259259235294117,0.7999999,0.9259259235294117,0.8823529411764706,0.8823529764705882
19,F4,0.962962962962963,0.9411764705882353,0.9411765,0.90099905,0.9629629629411764,0.8999999,0.9629629629411764,0.9411764705882353,0.9411765064705883
19,S1,0.962962962962963,0.9411764705882353,0.9411765,0.8999999,0.9629629629411764,0.8999999,0.9629629629411764,0.9411764705882353,0.9411765064705883
19,S2,0.8518518518518519,0.7647058823529411,0.8235294411764706,0.7647058235294117,0.8518518500000001,0.5999999,0.8518518500000001,0.8235292352941177,0.8235294470588235
19,S3,0.7407407407407407,0.5882352941176471,0.6470588529411765,0.5882352352941176,0.6870591176470588,0.5599993999999999,0.74074074,0.6470586470588235,0.6470588588235294
19,S4,0.7777777777777778,0.6470588235294117,0.7058823823529412,0.6470587647058823,0.7517650588235294,0.5099993,0.7777777764705882,0.7058821764705883,0.705882388235294
19,W1,0.8888888888888888,0.8235294117647058,0.8823529705882353,0.8204994,0.8888888882352941,0.6999999,0.8888888882352941,0.8823527647058823,0.8823529764705882
19,W2,0.8518518518518519,0.7647058823529411,0.7647059117647059,0.7647058235294117,0.8173533235294117,0.5999999,0.8518518500000001,0.7647058823529411,0.7647059176470588
19,W3,0.7407407407407407,0.4999999500000001,0.74074074,0.4254993,0.74074074,0.2999999,0.74074074,0.49999996999999996,0.5000003000000001
19,W4,0.7407407407407407,0.5882352941176471,0.5882353235294118,0.5882352352941176,0.627647411764706,0.5882352352941176,0.74074074,0.5882352941176471,0.5882353294117647
23,F1,0.768595041322314,0.33333333333333337,0.33333335714285717,0.33333330952380946,0.4871430952380953,0.0,0.7676471444444445,0.33333333333333337,0.33333335714285717
23,F2,0.8760330578512396,0.6428571428571428,0.6428571666666667,0.6327771111111111,0.7706863714285714,0.16666661111111114,0.8760330555555556,0.6428571428571428,0.6428571666666667
23,F3,0.7024793388429752,0.1428571428571429,0.1428571666666666,0.1428571190476191,0.2321430476190477,0.0,0.47794123809523814,0.1428571428571429,0.1428571666666666
23,S1,0.7933884297520661,0.40476190476190477,0.40476192857142856,0.40476188095238097,0.5280954761904761,0.0,0.7637255777777777,0.40476190476190477,0.40476192857142856
23,S2,0.6611570247933884,0.023809523809523836,0.023809547619047522,0.02380950000000004,0.12952399999999997,0.0,0.4137255476190477,0.023809523809523836,0.023809547619047522
23,S3,0.5950413223140496,0.0,2.3809523796991527e-08,0.0,0.06619064285714282,0.0,0.24411771428571427,0.0,2.3809523796991527e-08
23,W1,0.8429752066115702,0.5476190476190477,0.5476190714285715,0.5476190238095238,0.6773811904761905,0.0208330000000001,0.8429752054054054,0.5476190476190477,0.5476190714285715
23,W2,0.859504132231405,0.29166666666666663,0.2916667083333334,0.29166662499999996,0.47472237500000003,0.29166662499999996,0.8508572,0.29166666666666663,0.2916667083333334
23,W3,0.9256198347107438,0.7499999791666667,0.9016393486486487,0.6249999583333334,0.9256198333333333,0.4999999444444445,0.9256198333333333,0.8378378243243243,0.8378380513513514
27,F1,0.7204301075268817,0.5094339622641509,0.5094339811320755,0.5094339433962264,0.606604,0.0,0.7204301052631579,0.5094339622641509,0.5094339999999999
27,F2,0.6236559139784946,0.339622641509434,0.33962266037735844,0.33962262264150944,0.4215096603773585,0.0,0.6196851238095238,0.339622641509434,0.3396226792452831
27,F3,0.6989247311827957,0.4716981132075472,0.4905660566037736,0.4716980943396226,0.5271698679245282,0.4716980943396226,0.6169811886792453,0.4716981132075472,0.4716981509433962
27,S1,0.8602150537634409,0.7547169811320755,0.754717,0.7190471428571429,0.8417323471698113,0.3210524736842105,0.8602150523809524,0.7547169811320755,0.7547170188679245
27,S2,0.6774193548387097,0.4339622641509434,0.43396228301886797,0.43396224528301885,0.5215096037735849,0.0,0.6774193526315789,0.4339622641509434,0.4339623018867924
27,S3,0.9032258064516129,0.8301886792452831,0.8301886981132075,0.6819041904761904,0.9032258047619047,0.5263157368421053,0.9032258047619047,0.8301886792452831,0.8301887113207547
27,S4,0.8172043010752688,0.679245283018868,0.6792453018867926,0.6792452641509434,0.7553774528301886,0.3291665238095238,0.8172043,0.679245283018868,0.6792453207547169
27,W1,0.8387096774193549,0.7169811320754718,0.7169811509433962,0.7169811132075472,0.7820755849056604,0.22368389473684203,0.8387096761904762,0.7169811320754718,0.7169811698113208
27,W2,0.8817204301075269,0.7924528301886793,0.7924528490566037,0.6995231904761905,0.867213979245283,0.44649099999999997,0.8817204285714285,0.7924528301886793,0.7924528679245283
27,W3,0.7634408602150538,0.5849056603773585,0.5849056603773585,0.5849056415094339,0.5849056603773585,0.5849056415094339,0.5849056603773585,0.5849056603773585,0.5849056603773585
27,W4,0.7204301075268817,0.5094339622641509,0.5094339622641509,0.5094339433962264,0.5094339622641509,0.5094339433962264,0.5094339622641509,0.5094339622641509,0.5094339622641509
28,F1,0.7611940298507462,0.0,3.7037037103893056e-08,0.0,0.25037066666666663,0.0,0.7611940285714286,0.0,3.7037037103893056e-08
28,F2,0.8656716417910448,0.33333333333333337,0.33333337037037036,0.33333329629629627,0.6340744074074074,0.0,0.8656716407407408,0.33333333333333337,0.33333337037037036
28,F3,0.6716417910447761,0.0,3.7037037103893056e-08,0.0,0.2003706666666667,0.0,0.6004545925925926,0.0,3.7037037103893056e-08
28,S1,0.9104477611940298,0.5555555555555556,0.5555555925925926,0.5555555185185186,0.8571818910714286,0.24999993750000005,0.91044776,0.5555555555555556,0.5555555925925926
28,S2,0.7313432835820896,0.0,3.7037037103893056e-08,0.0,0.23000040740740746,0.0,0.7095455428571429,0.0,3.7037037103893056e-08
28,S3,0.8805970149253731,0.40740740740740744,0.40740744444444443,0.40740737037037034,0.7025929259259258,0.0,0.8805970125,0.40740740740740744,0.40740744444444443
28,W1,0.8582089552238806,0.7499999821428571,0.7500000178571429,0.5322218148148148,0.8001351703703703,0.10104143750000005,0.8582089542857143,0.7499999821428571,0.7500000178571429
28,W2,0.4776119402985075,0.0,5.714285722380197e-08,0.0,0.12957454285714276,0.0,0.307446875,0.0,2.857142844536753e-08
28,W3,0.708955223880597,0.3928571428571429,0.39285716071428567,0.3537499285714285,0.51017875,0.0,0.6434685,0.3928571428571429,0.39285716071428567
29,F1,0.43511450381679384,0.0,1.886792444505403e-08,0.0,0.06113220754716975,0.0,0.3056605094339623,0.0,5.6603773557206694e-08
29,F2,0.732824427480916,0.339622641509434,0.339622641509434,0.33962262264150944,0.339622641509434,0.33962262264150944,0.339622641509434,0.339622641509434,0.339622641509434
29,F3,0.8931297709923665,0.7358490566037736,0.7358490566037736,0.7358490377358491,0.7358490566037736,0.7358490377358491,0.7358490566037736,0.7358490566037736,0.7358490566037736
29,S1,0.6259541984732824,0.339622641509434,0.33962266037735844,0.28556594339622643,0.40804653571428573,0.0,0.505322603773585,0.33962262264150944,0.33962266037735844
29,S2,0.8244274809160306,0.5660377358490566,0.5660377547169811,0.566037716981132,0.7005662830188679,0.15119014285714283,0.8182258357142858,0.5660377358490566,0.5660377735849056
29,S3,0.8549618320610687,0.6415094339622642,0.6415094528301887,0.6415094150943397,0.7719070188679246,0.052380642857142834,0.8549618285714286,0.6415094339622642,0.6415094716981131
29,W1,0.8625954198473282,0.6603773584905661,0.6603773584905661,0.6603773396226416,0.6603773584905661,0.6603773396226416,0.6603773584905661,0.6603773584905661,0.6603773584905661
29,W2,0.8778625954198473,0.6981132075471699,0.6981132075471699,0.6981131886792453,0.6981132075471699,0.6981131886792453,0.6981132075471699,0.6981132075471699,0.6981132075471699
29,W3,0.9236641221374046,0.2857142857142857,0.28571432142857145,0.2857142142857143,0.6007147142857143,0.2857142142857143,0.8507462679245283,0.2857142857142857,0.28571431428571425
29,W4,0.633587786259542,0.0,0.5200000214285714,0.0,0.5643791320754716,0.0,0.6335877777777779,0.0,4.999999999588667e-07
30,F1,0.7864077669902912,0.33333333333333337,0.7283950625,0.33333330303030295,0.7586420208333333,0.33333330303030295,0.7864077666666667,0.5416666666666667,0.5416673750000001
30,F2,0.912621359223301,0.7272727272727273,0.888888893939394,0.727272696969697,0.9126213583333334,0.5909090454545455,0.9126213583333334,0.8125,0.81250071875
30,F3,0.7864077669902912,0.33333333333333337,0.7283950625,0.33333330303030295,0.7568518939393939,0.33333330303030295,0.7864077666666667,0.5416666666666667,0.5416673750000001
30,S1,0.9223300970873787,0.7575757575757576,0.9012345727272727,0.7575757272727273,0.9223300954545455,0.636363590909091,0.9223300954545455,0.8333333333333334,0.8333340520833333
30,S2,0.6504854368932038,0.0,0.6504854242424243,0.0,0.6504854242424243,0.0,0.6504854242424243,0.4545454090909091,0.4545458636363636
30,S3,0.6990291262135923,0.06060606060606055,0.699029125,0.060606030303030245,0.699029125,0.060606030303030245,0.699029125,0.49999981250000003,0.5000007291666666
30,W1,0.9320388349514563,0.7878787878787878,0.9135802520833334,0.7878787575757575,0.9320388354166667,0.6818181363636364,0.9320388354166667,0.8541666666666666,0.8541673854166667
30,W2,0.7378640776699029,0.4375,0.6666666666666667,0.41651496969696966,0.6945062083333333,0.18181815151515146,0.7378640772727273,0.48484845454545455,0.48484881818181824
30,W3,0.7087378640776699,0.0,0.7087378541666667,0.0,0.7087378541666667,0.0,0.7087378541666667,0.4999999791666666,0.5000007083333333
30,W4,0.883495145631068,0.6363636363636364,0.8518518575757575,0.6363636060606062,0.8834951454545454,0.4545454090909091,0.8834951454545454,0.75,0.7500007291666667
31,F1,0.6086956521739131,0.2580644838709677,0.542372870967742,0.17677390322580644,0.5530508571428572,0.12903222580645157,0.5957627419354838,0.2580644838709677,0.25806458064516125
31,F2,0.9710144927536232,0.935483870967742,0.9354838806451613,0.8582495,0.9710144928571428,0.7999999,0.9710144928571428,0.935483870967742,0.9354838838709677
31,F3,0.5942028985507246,0.5161290000000001,0.5161290322580645,0.4174188709677419,0.5381060967741935,0.2580644838709677,0.5844697419354838,0.5161290000000001,0.5161290322580645
31,S1,0.5507246376811594,0.2580644838709677,0.41935487096774193,0.18999961290322576,0.4764904193548387,0.0,0.5170673548387097,0.2580644838709677,0.25806458064516125
31,S2,0.6376811594202898,0.2580644838709677,0.5762711785714285,0.1935483548387097,0.5890678214285714,0.16547599999999996,0.6376811428571428,0.2580644838709677,0.25806458064516125
31,S3,0.8985507246376812,0.7741935483870968,0.7741935806451613,0.7741935161290323,0.8423657322580645,0.45749965000000004,0.89855072,0.7741935483870968,0.7741936032258064
31,W1,0.8695652173913043,0.8064515806451613,0.8064516193548387,0.7096773870967742,0.8443549419354839,0.41249965,0.8695652161290323,0.8064515903225806,0.8064516193548387
31,W2,0.7246376811594203,0.5357142857142857,0.5357143214285713,0.4996427142857143,0.6439289285714286,0.3553569999999999,0.7202651741935484,0.5357142857142857,0.5357143214285713
31,W3,0.9420289855072463,0.8709677419354839,0.8709677516129032,0.8709677096774193,0.9252689580645161,0.5999999,0.9420289857142857,0.8709677419354839,0.8709677548387097
31,W4,0.7246376811594203,0.3870967741935484,0.3870967741935484,0.3870967419354838,0.4246237419354839,0.3870967419354838,0.5747312903225806,0.3870967741935484,0.3870967741935484
32,F1,0.9528301886792453,0.902439012195122,0.9024390487804879,0.8675307666666667,0.952830187804878,0.8148147777777778,0.952830187804878,0.902439012195122,0.9024390414634147
32,F2,0.9905660377358491,0.975609756097561,0.9756097804878049,0.9629629259259259,0.9905660376315789,0.9629629259259259,0.9905660376315789,0.975609756097561,0.9756097726829268
32,F3,0.8584905660377359,0.7073170731707317,0.7794117777777778,0.638902243902439,0.8174000731707317,0.49708985185185184,0.8584905657894737,0.7073170731707317,0.7073171219512195
32,F4,0.9622641509433962,0.9024390243902439,0.9024390487804879,0.8693332,0.96226415,0.8518518148148149,0.96226415,0.9024390243902439,0.9024390414634147
32,S1,0.7358490566037736,0.33333329629629627,0.5882352962962962,0.17592562962962954,0.6507353902439024,0.016975222222222253,0.7358490487804878,0.3902439024390244,0.39024392682926834
32,S2,0.9056603773584906,0.8292682804878049,0.8292683170731707,0.7630863222222222,0.8933945777777778,0.6302468148148148,0.9056603763157894,0.8292682804878049,0.8292683170731707
32,S3,0.9716981132075472,0.926829268292683,0.9268292926829268,0.8888888518518518,0.9716981121951219,0.8888888518518518,0.9716981121951219,0.926829268292683,0.9268292853658536
32,S4,0.8113207547169812,0.40740740740740744,0.7058823658536586,0.3780739629629629,0.7641177487804878,0.2728394444444445,0.8113207536585366,0.5853658536585367,0.5853658780487805
32,W1,0.9339622641509434,0.8888888518518518,0.8888889259259259,0.7407407037037037,0.9339622629629629,0.7407407037037037,0.9339622629629629,0.888888862962963,0.8888889259259259
32,W2,0.6320754716981132,0.0,0.4615384736842105,0.0,0.49323084210526313,0.0,0.6200000740740741,0.39473684210526316,0.394737
32,W3,0.7264150943396226,0.29268292682926833,0.29268295121951227,0.2926829024390244,0.36585365853658536,0.2926829024390244,0.36585365853658536,0.29268292682926833,0.29268295121951227
32,W4,0.9339622641509434,0.8888888888888888,0.8888889259259259,0.8409754634146341,0.9024390243902439,0.829268268292683,0.9024390243902439,0.8888888888888888,0.8888889259259259
33,F1,0.8842105263157894,0.08333333333333337,0.0833334166666666,0.08333325000000003,0.28458383333333337,0.08333325000000003,0.884210525,0.08333333333333337,0.0833334166666666
33,F2,0.9052631578947369,0.25,0.2500000416666667,0.24999991666666677,0.5216673333333333,0.24999991666666677,0.9052631571428571,0.25,0.2500000583333333
33,F3,0.9578947368421052,0.6666666666666667,0.6666667083333333,0.6666665833333334,0.9428890210526316,0.6666665833333334,0.9578947366666667,0.6666666666666667,0.666666725
33,F4,0.9578947368421052,0.6666666666666667,0.6666667083333333,0.6666665833333334,0.9451112771428571,0.6666665833333334,0.9578947366666667,0.6666666666666667,0.666666725
33,S1,0.7789473684210526,0.0,8.33333332339592e-08,0.0,0.1650005,0.0,0.7200001210526316,0.0,8.33333332339592e-08
33,S2,0.6,0.0,8.33333332339592e-08,0.0,0.10291700000000004,0.0,0.4483334,0.0,8.33333332339592e-08
33,S3,0.7684210526315789,0.0,8.33333332339592e-08,0.0,0.15000049999999998,0.0,0.688889,0.0,8.33333332339592e-08
33,W1,0.6842105263157895,0.0,8.33333332339592e-08,0.0,0.11541699999999999,0.0,0.5538889666666666,0.0,8.33333332339592e-08
33,W2,0.968421052631579,0.75,0.750000025,0.7499999166666667,0.9500004441666666,0.7499999166666667,0.9684210514285714,0.75,0.75000005
33,W3,0.8736842105263158,0.0,8.33333332339592e-08,0.0,0.28375070833333327,0.0,0.8736842083333334,0.0,8.33333332339592e-08
33,W4,0.8210526315789474,0.0,0.0,0.0,0.15444475000000002,0.0,0.7722225542857143,0.0,8.33333332339592e-08
34,F1,0.85,0.7142857142857143,0.7142857380952381,0.7142856904761905,0.7666072095238096,0.5699997538461539,0.85,0.7142857142857143,0.7142857142857143
34,F2,0.85,0.7142857142857143,0.7142857142857143,0.7142856904761905,0.766011969047619,0.5776920615384615,0.85,0.7142857142857143,0.7142857142857143
34,F3,0.5875,0.2142857142857143,0.2142857142857143,0.2142856904761905,0.24059530952380948,0.2142856904761905,0.34583340476190483,0.2142857142857143,0.2142857142857143
34,F4,0.8625,0.7380952380952381,0.7380952619047618,0.7380952142857142,0.7799405523809524,0.5823074307692307,0.8625,0.7380952380952381,0.7380952380952381
34,S1,0.7125,0.45238095238095233,0.45238097619047624,0.45238092857142853,0.49476204761904763,0.45238092857142853,0.6095239047619048,0.45238095238095233,0.45238095238095233
34,S2,0.6375,0.30952380952380953,0.30952380952380953,0.30952378571428574,0.3444048571428572,0.30952378571428574,0.4734127619047619,0.30952380952380953,0.30952380952380953
34,S3,0.85,0.7142857142857143,0.7142857142857143,0.7142856904761905,0.7631548142857143,0.6146151692307693,0.85,0.7142857142857143,0.7142857142857143
34,W1,0.8,0.6190476190476191,0.6190476190476191,0.6190475952380952,0.6483334047619047,0.6190475952380952,0.76425536,0.6190476190476191,0.6190476190476191
34,W2,0.875,0.7619047619047619,0.7619047690476191,0.7619047380952382,0.7930357857142858,0.5976920615384615,0.875,0.7619047619047619,0.7619047690476191
34,W3,0.6875,0.40476190476190477,0.40476190476190477,0.40476188095238097,0.43785721428571434,0.40476188095238097,0.5309524285714285,0.40476190476190477,0.40476190476190477
34,W4,0.75,0.5238095238095238,0.5238095476190476,0.5238095,0.5772620476190476,0.4243586153846154,0.75,0.5238095238095238,0.5238095238095238
36,F1,0.6236559139784946,0.0,5.88235294918249e-08,0.0,0.1270591176470588,0.0,0.5617021666666666,0.0,5.88235294918249e-08
36,F2,0.9247311827956989,0.5882352941176471,0.9090909149999999,0.5882352352941176,0.92473118125,0.5624999374999999,0.92473118125,0.8833333333333333,0.8833334133333334
36,F3,0.7741935483870968,0.0,0.7272727333333333,0.0,0.75720785,0.0,0.7741935470588235,0.65,0.6500000833333334
36,S1,0.7634408602150538,0.0,0.7142857294117646,0.0,0.752078,0.0,0.7634408588235294,0.6999999333333333,0.7000000333333334
36,S2,0.8924731182795699,0.4117647058823529,0.8701298764705883,0.41176464705882354,0.8924731176470588,0.37499993750000005,0.8924731176470588,0.8333333333333334,0.8333334133333333
36,S3,0.8172043010752688,0.0,0.7792207833333333,0.0,0.8033766823529411,0.0,0.8172043,0.76666665,0.7666667
36,W1,0.8817204301075269,0.3529411764705882,0.8571428633333333,0.3529411176470588,0.8817204294117648,0.31249993750000005,0.8817204294117648,0.8166666666666667,0.81666675
36,W2,0.5376344086021505,0.0,0.4415584470588235,0.0,0.4593507,0.0,0.5305195333333332,0.2833333333333333,0.28333341666666667
36,W3,0.6451612903225806,0.0,0.6451612833333333,0.0,0.6451612833333333,0.0,0.6451612833333333,0.4999999833333333,0.5000001000000001
37,F1,0.8082191780821918,0.7021276595744681,0.7021276595744681,0.7021276382978723,0.7463831063829787,0.28717913076923074,0.8082191769230769,0.7021276595744681,0.7021276808510638
37,F2,0.7945205479452055,0.6808510638297872,0.6808510851063829,0.6808510425531915,0.7230852127659575,0.3115381538461539,0.7945205461538462,0.6808510638297872,0.6808510851063829
37,F3,0.8356164383561644,0.07692307692307687,0.07692315384615378,0.07692300000000007,0.47846261538461543,0.07692300000000007,0.8356164382978724,0.07692307692307687,0.07692315384615378
37,F4,0.8493150684931507,0.7659574468085106,0.7659574680851063,0.7659574255319149,0.8222728106382978,0.15384607692307695,0.8493150680851064,0.7659574468085106,0.7659574680851063
37,S1,0.9315068493150684,0.8936170212765957,0.8936170319148936,0.7973071538461538,0.9315068489361702,0.6153845384615384,0.9315068489361702,0.8936170212765957,0.8936170340425532
37,S2,0.9589041095890412,0.9361702127659575,0.9361702234042553,0.7896149230769232,0.9589041092307692,0.7692306923076924,0.9589041092307692,0.9361702127659575,0.9361702255319149
37,S3,0.7123287671232876,0.5531914893617021,0.5531915106382979,0.5531914680851064,0.5871277659574468,0.4115381538461539,0.6944805744680851,0.5531914893617021,0.5531915106382979
37,S4,0.7397260273972603,0.6595744468085106,0.6595744680851063,0.595744659574468,0.6987235106382979,0.2923072307692307,0.7397260212765957,0.6595744468085106,0.6595744893617022
37,W1,0.7671232876712328,0.6382978723404256,0.6382978723404256,0.6382978510638297,0.6382978723404256,0.6382978510638297,0.6382978723404256,0.6382978723404256,0.6382978723404256
37,W2,0.9589041095890412,0.7692307692307692,0.7692308461538462,0.7692306923076924,0.9589041092307692,0.7692306923076924,0.9589041092307692,0.7692307692307692,0.7692308153846154
37,W3,0.904109589041096,0.851063829787234,0.851063829787234,0.8510638085106383,0.851063829787234,0.8510638085106383,0.851063829787234,0.851063829787234,0.851063829787234
38,F1,0.9448818897637795,0.8372093023255813,0.8372093255813954,0.8372092790697674,0.944881888,0.71999996,0.944881888,0.8372093023255813,0.8372094720930232
38,F2,0.6692913385826771,0.023255813953488413,0.023255837209302244,0.023255790697674472,0.13488390697674413,0.023255790697674472,0.581395534883721,0.023255813953488413,0.023255976744186002
38,F3,0.8740157480314961,0.627906976744186,0.627907,0.6279069534883721,0.7737211395348838,0.48866652,0.8740157474576271,0.627906976744186,0.6279071395348836
38,F4,0.7007874015748031,0.11627906976744184,0.11627909302325579,0.11627904651162801,0.20953500000000003,0.11627904651162801,0.41162797674418605,0.11627906976744184,0.11627923255813943
38,S1,0.6614173228346456,0.0,2.325581394124754e-08,0.0,0.10511648837209309,0.0,0.35581404651162796,0.0,1.6279069758873277e-07
38,S2,0.7559055118110236,0.2790697674418605,0.27906979069767446,0.27906974418604646,0.3946513488372093,0.27906974418604646,0.7437931525423729,0.2790697674418605,0.2790699302325581
38,S3,0.937007874015748,0.813953488372093,0.813953511627907,0.8139534651162791,0.9370078744186047,0.67999996,0.9370078744186047,0.813953488372093,0.8139536581395349
38,S4,0.7401574803149606,0.2325581395348837,0.23255816279069763,0.23255811627906986,0.3632560465116279,0.23255811627906986,0.7386207441860465,0.2325581395348837,0.23255830232558128
38,W1,0.7086614173228347,0.13953488372093026,0.1395349069767441,0.13953486046511632,0.25558160465116275,0.13953486046511632,0.4414729302325582,0.13953488372093026,0.1395349069767441
38,W2,0.7086614173228347,0.13953488372093026,0.1395349069767441,0.13953486046511632,0.2520932093023255,0.13953486046511632,0.6565517674418604,0.13953488372093026,0.13953504651162785
38,W3,0.9133858267716536,0.7441860465116279,0.7441860697674418,0.744186023255814,0.8933793581395348,0.5703999200000001,0.913385827118644,0.7441860465116279,0.7441862093023256
38,W4,0.952755905511811,0.8604651162790697,0.8604651279069767,0.85239978,0.931039012,0.75999996,0.952755904,0.8604651162790697,0.8604651302325581
39,F1,0.6944444444444444,0.44999999999999996,0.44999999999999996,0.44999995000000004,0.49025025,0.44999995000000004,0.6341668149999999,0.44999999999999996,0.44999999999999996
39,F2,0.7777777777777778,0.6,0.6000000249999999,0.5999999500000001,0.650250225,0.5999999500000001,0.777777775,0.6,0.60000002
39,F3,0.9444444444444444,0.9,0.900000025,0.89999995,0.944444444375,0.8749999374999999,0.944444444375,0.9,0.900000015
39,F4,0.9166666666666666,0.85,0.8500000249999999,0.84999995,0.915500225,0.8124999374999999,0.916666665,0.85,0.85000002
39,S1,0.9722222222222222,0.95,0.950000025,0.9374999375,0.972222222,0.9374999375,0.972222222,0.95,0.9500000195
39,S2,0.7777777777777778,0.6,0.6000000249999999,0.5999999500000001,0.646750225,0.5999999500000001,0.777777775,0.6,0.60000002
39,S3,0.9166666666666666,0.85,0.8500000249999999,0.84999995,0.916666665,0.8124999374999999,0.916666665,0.85,0.85000002
39,W1,0.9444444444444444,0.9,0.90000005,0.8749999374999999,0.944444444375,0.8749999374999999,0.944444444375,0.9,0.90000003
39,W2,0.7222222222222222,0.5,0.500000015,0.4999999500000001,0.524125115,0.4999999500000001,0.620625115,0.5,0.500000015
39,W3,0.9444444444444444,0.9,0.90000005,0.8749999374999999,0.944444444375,0.8749999374999999,0.944444444375,0.9,0.90000003
44,F1,0.8130081300813008,0.5964912280701755,0.5964912456140351,0.5964912105263158,0.6980702807017545,0.0,0.8130081228070175,0.5964912280701755,0.5964912456140351
44,F2,0.9105691056910569,0.8070175438596492,0.8070175614035088,0.6259084545454545,0.9043750824561404,0.0,0.910569104,0.8070175438596492,0.8070175614035088
44,F3,0.8943089430894309,0.8070175263157895,0.8070175438596492,0.7719298070175439,0.85275364,0.36363616363636364,0.8943089433333333,0.8070175263157895,0.8070175614035088
44,S1,0.7967479674796748,0.5333333333333333,0.7126436833333334,0.4308331333333334,0.7479885438596492,0.0,0.7967479636363637,0.7017543508771931,0.7017544035087719
44,S2,0.8292682926829268,0.6666666666666667,0.7586206966666666,0.5656664666666666,0.7934483157894737,0.0,0.8292682909090909,0.7333332933333334,0.7333334133333334
44,S3,0.9186991869918699,0.8245614035087719,0.8245614210526315,0.8245613859649124,0.8892800157894737,0.3745452545454545,0.9186991866666667,0.8245614035087719,0.8245614157894736
44,S4,0.7479674796747968,0.33333333333333337,0.6436781666666667,0.23683313333333333,0.67695407,0.0,0.7479674736842106,0.5964911929824561,0.5964912456140351
44,W1,0.9105691056910569,0.8070175438596492,0.8070175438596492,0.8070175263157895,0.8070175438596492,0.8070175263157895,0.8070175438596492,0.8070175438596492,0.8070175438596492
44,W2,0.7886178861788617,0.0,0.7727272866666667,0.0,0.7886178818181818,0.0,0.7886178818181818,0.0,9.090909091069577e-07
44,W3,0.926829268292683,0.8421052631578947,0.8421052807017544,0.7646662666666666,0.9089937350877193,0.19772699999999999,0.9268292666666667,0.8421052631578947,0.8421052754385965
44,W4,0.7398373983739837,0.4385964912280702,0.4385964912280702,0.4385964736842106,0.4385964912280702,0.4385964736842106,0.4385964912280702,0.4385964912280702,0.4385964912280702
45,F1,0.9552238805970149,0.83999996,0.840000012,0.75999996,0.935206396,0.75999996,0.95522388,0.839999976,0.840000012
45,F2,0.8059701492537313,0.7636363454545455,0.7636363818181818,0.60519964,0.8059701454545455,0.0,0.8059701454545455,0.7636363090909091,0.7636363818181818
45,F3,0.7388059701492538,0.6666666666666667,0.6666666851851852,0.5599994,0.738805962962963,0.0,0.738805962962963,0.6666666666666667,0.6666667037037037
45,F4,0.9477611940298507,0.83999996,0.840000012,0.71999996,0.9211111436363636,0.71999996,0.9477611944444444,0.839999976,0.840000012
45,S1,0.8656716417910448,0.7636363454545455,0.7636363818181818,0.56399952,0.813488428,0.27999995999999994,0.86567164,0.7636363090909091,0.7636363818181818
45,S2,0.3880597014925373,0.0,0.32499999999999996,0.0,0.36725008000000003,0.0,0.3880597037037037,0.07272723636363632,0.07272747272727276
45,S3,0.9253731343283582,0.83999996,0.840000012,0.5999999600000001,0.89126988,0.5999999600000001,0.9253731345454546,0.839999976,0.840000012
45,W1,0.4701492537313433,0.0,0.0,0.0,0.0330556296296296,0.0,0.16527785185185184,0.0,0.0
45,W2,0.8134328358208955,0.6181818181818182,0.6181818363636364,0.5431994,0.7042791239999999,0.0,0.8134328333333334,0.6181818181818182,0.6181818363636364
45,W3,0.9701492537313433,0.84,0.840000012,0.83999996,0.9539365360000001,0.83999996,0.9701492536,0.84,0.840000012
46,F1,0.84,0.8103448103448276,0.8103448448275862,0.750172275862069,0.84,0.6190475952380952,0.84,0.8103448103448276,0.8103448448275862
46,F2,0.83,0.8103448103448276,0.8103448448275862,0.7474136551724138,0.8300000000000001,0.5952380714285714,0.8300000000000001,0.8103448103448276,0.8103448448275862
46,F3,0.92,0.8620689655172413,0.8620689827586208,0.8620689482758621,0.92,0.8095237857142857,0.92,0.8620689655172413,0.8620689827586208
46,F4,0.53,0.2068965344827587,0.20689656896551722,0.18965515517241383,0.2512070172413793,0.18965515517241383,0.42844839655172406,0.2068965344827587,0.20689656896551722
46,S1,0.64,0.6034482586206896,0.6034482931034483,0.5639654137931034,0.64,0.4060343793103448,0.64,0.6034482586206896,0.6034483103448276
46,S2,0.86,0.7586206896551724,0.8103448448275862,0.7586206724137932,0.86,0.6666666428571428,0.86,0.8103448103448276,0.8103448448275862
46,S3,0.9299999999999999,0.8793103448275862,0.8793103620689655,0.8793103275862069,0.93,0.8333333095238096,0.93,0.8793103448275862,0.8793103620689655
46,S4,0.9299999999999999,0.8793103448275862,0.8793103620689655,0.8793103275862069,0.93,0.8333333095238096,0.93,0.8793103448275862,0.8793103620689655
46,W1,0.6599999999999999,0.19047619047619047,0.19047621428571426,0.19047616666666678,0.2661906666666667,0.19047616666666678,0.5690478095238095,0.19047619047619047,0.19047621428571426
46,W2,0.8,0.6551724137931034,0.6551724310344827,0.6551723965517241,0.7117242586206897,0.609523619047619,0.8,0.6551724137931034,0.6551724310344827
46,W3,0.76,0.5862068965517242,0.5862069137931034,0.5862068793103448,0.6605173793103448,0.48690454761904767,0.76,0.5862068965517242,0.5862069137931034
47,F1,0.625,0.5999999500000001,0.60000005,0.5259995,0.625,0.04999908333333336,0.625,0.599999955,0.6000000249999999
47,F2,0.84375,0.75,0.75000005,0.74999995,0.84375,0.5833332499999999,0.84375,0.75,0.750000025
47,F3,0.71875,0.55,0.55000005,0.54999995,0.63200045,0.3166658333333333,0.71875,0.55,0.55000004
47,S1,0.9375,0.9,0.90000005,0.83333325,0.9375,0.83333325,0.9375,0.9,0.900000025
47,S2,0.65625,0.5999999500000001,0.60000005,0.5244995,0.65625,0.12083241666666666,0.65625,0.599999955,0.6000000249999999
47,S3,0.71875,0.55,0.60000005,0.54999995,0.68050045,0.24999991666666677,0.71875,0.59999966,0.6000000249999999
47,W1,0.875,0.8,0.80000005,0.79999995,0.875,0.6666665833333334,0.875,0.8,0.8000000199999999
47,W2,0.71875,0.55,0.55000005,0.54999995,0.6480005,0.24999991666666677,0.71875,0.55,0.5500000199999999
47,W3,0.59375,0.5833332499999999,0.5833334166666666,0.47916591666666664,0.59375,0.062499250000000006,0.59375,0.583333275,0.5833334083333332
50,F1,0.6564885496183206,0.0,0.2500000499999999,0.0,0.5245004,0.0,0.656488543859649,0.0,2.500000000349445e-07
50,F2,0.8854961832061069,0.25,0.8854961824561404,0.24999995000000008,0.8854961824561404,0.24999995000000008,0.8854961824561404,0.25,0.25000035
50,F3,0.6717557251908397,0.0,0.5974025964912281,0.0,0.6235065263157895,0.0,0.6717557192982456,0.0,2.500000000349445e-07
50,S1,0.8625954198473282,0.09999999999999998,0.8625954192982457,0.09999994999999995,0.8625954192982457,0.09999994999999995,0.8625954192982457,0.09999999999999998,0.10000034999999996
50,S2,0.6870229007633588,0.0,0.45000005,0.0,0.6870228947368422,0.0,0.6870228947368422,0.0,2.500000000349445e-07
50,S3,0.5419847328244275,0.0,0.2500000499999999,0.0,0.3887931403508772,0.0,0.47727275,0.0,2.500000000349445e-07
50,W1,0.9083969465648855,0.7777777777777778,0.7777777777777778,0.7777777592592593,0.7777777777777778,0.7777777592592593,0.7777777777777778,0.7777777777777778,0.7777777777777778
50,W2,0.6183206106870229,0.0,0.0,0.0,0.08266679999999993,0.0,0.41333345,0.0,0.0
50,W3,0.8854961832061069,0.7222222222222222,0.7222222222222222,0.7222222037037037,0.7222222222222222,0.7222222037037037,0.7222222222222222,0.7222222222222222,0.7222222222222222
52,F1,0.7727272727272727,0.4,0.7169811500000001,0.39999996000000004,0.7684906785714285,0.0,0.7727272692307692,0.7142856607142858,0.7142858249999999
52,F2,0.7878787878787878,0.7142856785714287,0.735849075,0.6155995599999999,0.772963075,0.42115342307692305,0.7878787846153846,0.7142856607142858,0.7142858249999999
52,F3,0.8181818181818181,0.52,0.773584924,0.51999996,0.8181818153846154,0.07692300000000007,0.8181818153846154,0.7142856607142858,0.7142858249999999
52,F4,0.6212121212121212,0.0,0.32000004000000004,0.0,0.39320024,0.0,0.6212121071428571,0.3199999200000001,0.32000004000000004
52,S1,0.9848484848484849,0.96,0.9811320942857142,0.9230768461538461,0.9848484846153847,0.9230768461538461,0.9848484846153847,0.9642857142857143,0.9642858260714285
52,S2,0.7272727272727273,0.28,0.60000004,0.27999995999999994,0.7008003199999999,0.030768538461538486,0.727272728,0.59999988,0.60000006
52,S3,0.8181818181818181,0.7142856785714287,0.773584924,0.6087996,0.8181818153846154,0.3884611538461539,0.8181818153846154,0.7142856607142858,0.7142858249999999
52,S4,0.9242424242424242,0.8,0.905660396,0.7230762307692308,0.924242424,0.6153845384615384,0.924242424,0.8214285714285714,0.8214286821428571
52,W1,0.7727272727272727,0.4,0.7547169892857143,0.39999996000000004,0.7727272692307692,0.34038423076923074,0.7727272692307692,0.6428571428571428,0.6428575285714286
52,W2,0.7727272727272727,0.7142856785714287,0.7142857499999999,0.62279968,0.7460494559999999,0.39999996000000004,0.7727272692307692,0.7142856607142858,0.7142857428571429
52,W3,0.7727272727272727,0.4642857142857143,0.7142857499999999,0.46428567857142855,0.7507408392857142,0.382691923076923,0.7727272692307692,0.4642857142857143,0.46428582142857144
52,W4,0.9090909090909091,0.76,0.8867924714285714,0.7553837692307692,0.9090909076923077,0.5384614615384615,0.9090909076923077,0.7857142857142857,0.7857143964285714
54,F1,0.8028169014084507,0.7407407407407407,0.7407407407407407,0.7407407222222222,0.7626852222222222,0.6514704,0.8028169,0.7407407407407407,0.7407407407407407
54,F2,0.647887323943662,0.537037037037037,0.537037037037037,0.5370370185185185,0.5526389259259259,0.5370370185185185,0.6150463333333334,0.537037037037037,0.537037037037037
54,F3,0.7464788732394366,0.6666666666666667,0.6666666666666667,0.6666666481481481,0.6895833888888889,0.6360291647058823,0.7464788703703704,0.6666666666666667,0.6666666666666667
54,S1,0.5633802816901409,0.42592592592592593,0.4259259444444444,0.42592590740740743,0.45453711111111106,0.42592590740740743,0.5159722592592593,0.42592592592592593,0.4259259444444444
54,S2,0.7887323943661972,0.7222222222222222,0.7222222222222222,0.7222222037037037,0.7429167037037037,0.6713233235294118,0.7887323888888889,0.7222222222222222,0.7222222222222222
54,S3,0.8450704225352113,0.7962962962962963,0.7962962962962963,0.7962962777777778,0.8184259722222222,0.648529205882353,0.8450704222222223,0.7962962962962963,0.7962962962962963
54,S4,0.8873239436619719,0.8518518518518519,0.8518518574074074,0.8518518333333334,0.8775000462962963,0.5926468529411765,0.8873239411764706,0.8518518518518519,0.8518518574074074
54,W1,0.9436619718309859,0.9259259259259259,0.9259259296296296,0.9097056764705882,0.9436619717647059,0.7647058235294117,0.9436619717647059,0.9259259259259259,0.9259259314814815
54,W2,0.9859154929577465,0.9814814814814815,0.9814814861111111,0.9411764117647059,0.9859154929411764,0.9411764117647059,0.9859154929411764,0.9814814814814815,0.9814814870370371
54,W3,0.7464788732394366,0.6666666666666667,0.6666666666666667,0.6666666481481481,0.684537074074074,0.6666666481481481,0.7464788703703704,0.6666666666666667,0.6666666666666667
54,W4,0.7464788732394366,0.6666666666666667,0.6666666851851852,0.6666666481481481,0.7075001111111111,0.3514702352941177,0.7464788703703704,0.6666666666666667,0.6666666851851852
57,F1,0.8679245283018868,0.7083333333333333,0.7083333333333333,0.7083333125,0.7755209166666667,0.7083333125,0.8679245275862069,0.7083333333333333,0.7083333541666667
57,F2,0.8490566037735849,0.6666666666666667,0.8490566034482758,0.6666666458333332,0.8490566034482758,0.6666666458333332,0.8490566034482758,0.7931034482758621,0.7931036896551724
57,F3,0.6415094339622642,0.20833333333333337,0.20833333333333337,0.2083333125000001,0.24173618750000003,0.2083333125000001,0.3753473125,0.20833333333333337,0.20833333333333337
57,S1,0.5283018867924528,0.0,0.0,0.0,0.024583395833333355,0.0,0.12291672916666663,0.0,0.0
57,S2,0.7075471698113207,0.35416666666666663,0.3541666875,0.35416664583333335,0.4552085,0.35416664583333335,0.7075471666666666,0.35416666666666663,0.3541667083333333
57,S3,0.8773584905660378,0.7291666666666667,0.7291666875,0.7291666458333333,0.7984375833333334,0.7291666458333333,0.8773584895833333,0.7291666666666667,0.7291666875
57,W1,0.679245283018868,0.29166666666666663,0.679245275862069,0.29166664583333335,0.679245275862069,0.29166664583333335,0.679245275862069,0.48275862068965514,0.48275886206896557
57,W2,0.6226415094339622,0.16666666666666663,0.16666666666666663,0.16666664583333335,0.19645839583333335,0.16666664583333335,0.3156250625,0.16666666666666663,0.16666666666666663
57,W3,0.7735849056603774,0.5,0.7735848958333333,0.4999999791666666,0.7735848958333333,0.4999999791666666,0.7735848958333333,0.6551724137931034,0.6551726551724137
58,F1,0.6949152542372881,0.21739130434782605,0.4565217608695652,0.21739128260869567,0.6195654782608696,0.10714257142857142,0.6949152523809523,0.21739130434782605,0.21739132608695644
58,F2,0.9322033898305084,0.8260869565217391,0.8260869782608695,0.7464282142857143,0.9322033891304348,0.6190475714285715,0.9322033891304348,0.8260869565217391,0.8260869804347826
58,F3,0.7966101694915254,0.4782608695652174,0.4782608913043479,0.4782608478260869,0.605761,0.07976157142857143,0.7966101695652175,0.4782608695652174,0.4782608913043479
58,F4,0.9576271186440678,0.8913043478260869,0.8913043695652174,0.7619047142857143,0.9576271185714286,0.7619047142857143,0.9576271185714286,0.8913043478260869,0.8913043717391305
58,S1,0.7457627118644068,0.34782608695652173,0.3478261086956522,0.34782606521739123,0.47054363043478264,0.13214252380952374,0.7135220857142857,0.34782608695652173,0.3478261086956522
58,S2,0.5338983050847458,0.0,0.02173915217391298,0.0,0.13413069565217395,0.0,0.4814686078431373,0.0,2.1739130384723637e-08
58,S3,0.8728813559322034,0.6739130434782609,0.6739130652173912,0.6739130217391305,0.8161957717391304,0.2857142380952381,0.8728813565217391,0.6739130434782609,0.6739130652173912
58,W1,0.5423728813559322,0.0,0.19402985714285714,0.0,0.25761197826086946,0.0,0.35273636956521737,0.0,6.521739126519321e-08
58,W2,0.6440677966101696,0.08695652173913049,0.5670103043478261,0.0869565000000001,0.6043814901960785,0.0869565000000001,0.6440677952380953,0.08695652173913049,0.08695654347826076
58,W3,0.8983050847457628,0.7391304347826086,0.8260869673913043,0.7391304130434783,0.8983050843137255,0.428571380952381,0.8983050843137255,0.7391304347826086,0.7391304565217391
60,F1,0.8347826086956522,0.5869565217391304,0.5869565217391304,0.5869565,0.6397826739130434,0.5869565,0.8242222630434782,0.5869565217391304,0.5869565217391304
60,F2,0.808695652173913,0.5217391304347826,0.5217391304347826,0.5217391086956522,0.5701449999999999,0.5217391086956522,0.7573333682926829,0.5217391304347826,0.5217391304347826
60,F3,0.8869565217391304,0.7173913043478262,0.7173913043478262,0.7173912826086957,0.7729710869565217,0.6575891714285714,0.8869565214285714,0.7173913043478262,0.7173913043478262
60,F4,0.9217391304347826,0.8043478260869565,0.8043478326086957,0.804347804347826,0.8618116673913043,0.6785713928571429,0.9217391292682927,0.8043478260869565,0.8043478326086957
60,S1,0.9565217391304348,0.8913043478260869,0.8913043543478261,0.8913043260869565,0.9484889282608696,0.8214285357142856,0.9565217390243902,0.8913043478260869,0.8913043543478261
60,S2,0.6869565217391305,0.21739130434782605,0.5,0.21739128260869567,0.5388406521739131,0.21739128260869567,0.6524444782608696,0.49999991304347824,0.5
60,S3,0.7565217391304347,0.3913043478260869,0.5,0.39130432608695653,0.5457247173913043,0.39130432608695653,0.7091111463414634,0.49999991304347824,0.5
60,W1,0.6347826086956522,0.32142853571428565,0.3214285714285714,0.13285671428571433,0.4157144285714286,0.0,0.5845361304347826,0.3214285714285714,0.32142860714285715
60,W2,0.8782608695652174,0.6956521739130435,0.6956521739130435,0.6956521521739131,0.7571015217391304,0.6214284642857143,0.8782608678571429,0.6956521739130435,0.6956521739130435
60,W3,0.6434782608695653,0.10869565217391308,0.5,0.1086956304347827,0.5,0.1086956304347827,0.5,0.49999991304347824,0.5
61,F1,0.8660714285714286,0.31818181818181823,0.31818181818181823,0.31818177272727277,0.5168184090909091,0.16666661111111114,0.8660714272727272,0.31818181818181823,0.3181818636363636
61,F2,0.9285714285714286,0.6363636363636364,0.6363636590909091,0.636363590909091,0.8204547722222222,0.5555555000000001,0.9285714272727272,0.6363636363636364,0.6363636636363637
61,F3,0.8125,0.045454545454545414,0.045454545454545414,0.04545449999999995,0.20818204545454544,0.005555166666666778,0.8125,0.045454545454545414,0.045454590909090986
61,S1,0.7946428571428572,0.0,4.5454545460899e-08,0.0,0.1604547727272727,0.0,0.7464000722222222,0.0,4.5454545460899e-08
61,S2,0.9464285714285714,0.7272727272727273,0.72727275,0.7272726818181818,0.9168184318181818,0.666666611111111,0.9464285707317073,0.7272727272727273,0.7272727545454545
61,S3,0.8482142857142857,0.2272727272727273,0.2272727272727273,0.22727268181818172,0.3977275,0.05555549999999998,0.8482142833333334,0.2272727272727273,0.22727277272727275
61,W1,0.7232142857142857,0.0,4.5454545460899e-08,0.0,0.2886369090909091,0.0,0.6152344516129031,0.0,9.09090908107757e-08
61,W2,0.5714285714285714,0.0,0.0,0.0,0.09590931818181825,0.0,0.42074472222222215,0.0,4.5454545460899e-08
61,W3,0.8482142857142857,0.2272727272727273,0.2272727272727273,0.22727268181818172,0.3128410454545455,0.22727268181818172,0.6551137611111111,0.2272727272727273,0.2272727272727273
63,F1,0.8313953488372093,0.275,0.646341475,0.27499997499999995,0.7671569071428572,0.27499997499999995,0.831395348,0.30952380952380953,0.30952385714285713
63,F2,0.8255813953488372,0.25,0.7540983571428571,0.24999997499999993,0.7952869214285714,0.24999997499999993,0.8255813949999999,0.2857142857142857,0.2857143333333333
63,F3,0.7325581395348837,0.0,0.5975609761904761,0.0,0.6524019999999999,0.0,0.7325581400000001,0.21428542857142863,0.214285761904762
63,F4,0.7325581395348837,0.0,0.4756097619047619,0.0,0.580487925,0.0,0.7325581400000001,0.2142855952380952,0.214285761904762
63,S1,0.8662790697674418,0.42500000000000004,0.7195122,0.424999975,0.8282353375,0.424999975,0.8662790690476191,0.45238095238095233,0.4523809999999999
63,S2,0.8953488372093024,0.55,0.7804878166666667,0.549999975,0.87921573,0.549999975,0.8953488375,0.5714285714285714,0.571428619047619
63,S3,0.8023255813953488,0.15000000000000002,0.5975609761904761,0.14999997500000006,0.7079269285714286,0.14999997500000006,0.8023255809523809,0.21428542857142863,0.214285761904762
63,S4,0.75,0.0,0.5975609761904761,0.0,0.6725980714285714,0.0,0.75,0.21428542857142863,0.214285761904762
63,W1,0.6046511627906976,0.0,0.44262294999999996,0.0,0.50155745,0.0,0.60465116,0.12499997500000004,0.125000075
63,W2,0.7441860465116279,0.0,0.357142880952381,0.0,0.5626192857142857,0.0,0.6707317,0.0,2.3809523796991527e-08
63,W3,0.7093023255813953,0.0,0.5901639285714286,0.0,0.597560975,0.0,0.597560975,0.0,7.499999998827889e-08
67,F1,0.9625,0.9423076923076923,0.942307698076923,0.9423076730769231,0.9625,0.8928571071428572,0.9625,0.9423076923076923,0.942307698076923
67,F2,0.6875,0.5192307692307692,0.5192307692307692,0.51923075,0.5372596538461538,0.51923075,0.6093750384615384,0.5192307692307692,0.5192307692307692
67,F3,0.9,0.8461538461538461,0.8461538653846155,0.8382139642857143,0.9,0.7142856785714287,0.9,0.8461538461538461,0.8461538557692307
67,S1,0.975,0.9615384615384616,0.9615384807692308,0.9285713928571429,0.975,0.9285713928571429,0.975,0.9615384615384616,0.9615384711538462
67,S2,0.48750000000000004,0.21153846153846156,0.46153848076923076,0.21153844230769236,0.48721157692307693,0.21153844230769236,0.48750000000000004,0.46153825000000004,0.46153846153846156
67,S3,0.8375,0.75,0.7500000192307692,0.7499999807692308,0.8301924423076923,0.5357142500000001,0.8375,0.75,0.75
67,W1,0.7375,0.25,0.25000003571428575,0.24999996428571425,0.39142885714285713,0.24999996428571425,0.7375,0.25,0.25000010714285714
67,W2,0.9,0.8461538461538461,0.84615385,0.846153826923077,0.870865423076923,0.7705356071428571,0.9,0.8461538461538461,0.8461538519230769
67,W3,0.7625,0.6346153846153846,0.6346153846153846,0.6346153653846154,0.6539423461538462,0.6346153653846154,0.7312500384615385,0.6346153846153846,0.6346153846153846
68,F1,0.75,0.6833333333333333,0.6833333500000001,0.644999125,0.75,0.0,0.75,0.6833333333333333,0.6833333666666667
68,F2,0.8552631578947368,0.3125,0.8552631562499999,0.31249993750000005,0.8552631562499999,0.31249993750000005,0.8552631562499999,0.3125,0.31250018749999997
68,F3,0.6052631578947368,0.0,0.60526315,0.0,0.60526315,0.0,0.60526315,0.5,0.5000001833333334
68,S1,0.4473684210526315,0.0,0.4473684166666666,0.0,0.4473684166666666,0.0,0.4473684166666666,0.43749931875000003,0.4375001625
68,S2,0.7763157894736842,0.12499993750000005,0.7763157833333333,0.0,0.7763157833333333,0.0,0.7763157833333333,0.7166666666666667,0.71666685
68,S3,0.9078947368421053,0.7499999374999999,0.9078947366666666,0.5624999374999999,0.9078947366666666,0.5624999374999999,0.9078947366666666,0.8833333333333333,0.8833335166666667
68,W1,0.8026315789473684,0.75,0.7500000166666667,0.6224990625,0.80263158125,0.06249993750000005,0.80263158125,0.75,0.7500000333333333
68,W2,0.9868421052631579,0.9375,0.986842105,0.9374999375,0.986842105,0.9374999375,0.986842105,0.9375,0.9375001625
68,W3,0.6052631578947368,0.5,0.5000000166666667,0.4999999833333333,0.5708335333333334,0.0,0.60526315,0.5,0.5000000333333333
71,F1,0.704225352112676,0.42105263157894735,0.7042253461538461,0.3470173157894737,0.7042253461538461,0.05087700000000006,0.7042253461538461,0.5961538461538461,0.596153923076923
71,F2,0.647887323943662,0.42105263157894735,0.6478873263157895,0.35403489473684213,0.6478873263157895,0.08596468421052628,0.6478873263157895,0.5192307692307692,0.5192308461538462
71,F3,0.7323943661971831,0.42105263157894735,0.7323943653846154,0.31245594736842097,0.7323943653846154,0.01842084210526318,0.7323943653846154,0.6346153846153846,0.6346154615384616
71,S1,0.6056338028169015,0.42105263157894735,0.6056338052631579,0.32842078947368425,0.6056338052631579,0.0,0.6056338052631579,0.5384611538461539,0.5384616153846153
71,S2,0.7323943661971831,0.42105263157894735,0.7323943653846154,0.3457892631578947,0.7323943653846154,0.04473663157894736,0.7323943653846154,0.6346153846153846,0.6346154615384616
71,S3,0.8028169014084507,0.5789473421052631,0.8028169,0.44921015789473684,0.8028169,0.26315784210526316,0.8028169,0.7307692307692308,0.7307693076923076
71,W1,0.7605633802816901,0.42105263157894735,0.7605633789473684,0.34438578947368415,0.7605633789473684,0.10526310526315785,0.7605633789473684,0.6730769230769231,0.673077
71,W2,0.8450704225352113,0.7884615384615384,0.7884615576923077,0.7884615192307692,0.8387500961538461,0.42105257894736847,0.8450704210526316,0.7884615384615384,0.7884615384615384
71,W3,0.7746478873239436,0.6923076923076923,0.6923077115384615,0.6923076730769231,0.7433655,0.34122778947368426,0.7746478846153846,0.6923076923076923,0.6923076923076923
71,W4,0.9295774647887324,0.9038461538461539,0.9038461634615385,0.848157552631579,0.9295774631578948,0.7368420526315789,0.9295774631578948,0.9038461538461539,0.9038461615384615
74,F1,0.7083333333333333,0.0,0.7083333315789473,0.0,0.7083333315789473,0.0,0.7083333315789473,0.589743358974359,0.5897437435897437
74,F2,0.6388888888888888,0.0,0.6388888857142857,0.0,0.6388888857142857,0.0,0.6388888857142857,0.4615383333333333,0.4615386153846154
74,F3,0.9861111111111112,0.9285714285714286,0.986111111025641,0.9285713571428571,0.986111111025641,0.9285713571428571,0.986111111025641,0.9473684210526316,0.94736888
74,S1,0.875,0.3571428571428571,0.875,0.3571427857142858,0.875,0.3571427857142858,0.875,0.7368418,0.7368425631578948
74,S2,0.7638888888888888,0.0,0.7638888857142857,0.0,0.7638888857142857,0.0,0.7638888857142857,0.6923074615384615,0.6923078461538461
74,S3,0.8611111111111112,0.2857142857142857,0.8611111102564102,0.2857142142857143,0.8611111102564102,0.2857142142857143,0.8611111102564102,0.7368418,0.7368425631578948
74,W1,0.8333333333333334,0.368421052631579,0.36842110526315786,0.368421,0.6294742631578947,0.1428570714285715,0.8333333315789474,0.368421052631579,0.36842110526315786
74,W2,0.9583333333333334,0.7857142857142857,0.9583333331578947,0.7857142142857143,0.9583333331578947,0.7857142142857143,0.9583333331578947,0.8421052631578947,0.8421057210526316
74,W3,0.6527777777777778,0.0,0.6527777692307692,0.0,0.6527777692307692,0.0,0.6527777692307692,0.4871794615384615,0.48717964102564104
75,F1,0.7,0.18181818181818177,0.7,0.18181809090909096,0.7,0.18181809090909096,0.7,0.6315788473684211,0.6315844947368421
75,F2,0.7,0.18181818181818177,0.7,0.18181809090909096,0.7,0.18181809090909096,0.7,0.6315788421052632,0.6315844947368421
75,F3,0.6,0.0,0.6,0.0,0.6,0.0,0.6,0.368421052631579,0.3684266315789474
75,S1,0.9333333333333333,0.8181818181818181,0.9333333315789474,0.8181817272727272,0.9333333315789474,0.8181817272727272,0.9333333315789474,0.8947368421052632,0.8947423894736842
75,S2,0.8,0.4545454545454546,0.8,0.45454536363636366,0.8,0.45454536363636366,0.8,0.6842105263157895,0.6842160736842104
75,S3,0.9333333333333333,0.8181818181818181,0.9333333315789474,0.8181817272727272,0.9333333315789474,0.8181817272727272,0.9333333315789474,0.8947368421052632,0.8947423894736842
75,W1,0.7333333333333334,0.2727272727272727,0.6363637272727273,0.2727271818181819,0.7333333315789474,0.2727271818181819,0.7333333315789474,0.6363567,0.6363638181818181
75,W2,0.9666666666666667,0.9090909090909091,0.9666666663636364,0.9090908181818182,0.9666666663636364,0.9090908181818182,0.9666666663636364,0.9473684210526316,0.9473739668421053
75,W3,0.7,0.18181818181818177,0.7,0.18181809090909096,0.7,0.18181809090909096,0.7,0.5263157894736843,0.5263213368421054
79,F1,0.5747126436781609,0.0,0.31481483333333327,0.0,0.38444461333333335,0.0,0.5747126250000001,0.0,6.666666663157628e-08
79,F2,0.7011494252873562,0.0,0.51851854,0.0,0.5929631266666666,0.0,0.7011494242424243,0.0,6.666666663157628e-08
79,F3,0.7701149425287357,0.16666666666666663,0.62500004,0.0,0.6860257533333334,0.0,0.77011494,0.26666446666666666,0.26666673333333324
79,S1,0.8390804597701149,0.19999993333333344,0.7407407583333334,0.06666660000000002,0.8337038866666666,0.06666660000000002,0.8390804583333333,0.06666666666666665,0.06666726666666667
79,S2,0.896551724137931,0.4,0.83333335,0.3999999333333334,0.8965517242424242,0.3999999333333334,0.8965517242424242,0.4,0.40000008
79,S3,0.7471264367816092,0.0,0.5925926125000001,0.0,0.6859260916666667,0.0,0.7471264363636363,0.0,6.666666663157628e-08
79,W1,0.6896551724137931,0.0,6.666666663157628e-08,0.0,0.16733373333333335,0.0,0.5960318181818183,0.0,0.0
79,W2,0.7011494252873562,0.0,4.166666667249075e-08,0.0,0.1591670833333333,0.0,0.6038462666666666,0.0,4.166666667249075e-08
79,W3,0.9540229885057472,0.7333333333333334,0.9259259458333333,0.7333332666666666,0.9540229875,0.7333332666666666,0.9540229875,0.7333333333333334,0.7333334133333334
79,W4,0.9655172413793104,0.8,0.9444444625,0.7999999333333333,0.96551724125,0.7999999333333333,0.96551724125,0.8,0.80000008
80,F1,0.7241379310344828,0.34782608695652173,0.3478261304347826,0.30434778260869566,0.48739178260869565,0.30434778260869566,0.7241379304347826,0.34782604347826085,0.3478261304347826
80,F2,0.8275862068965517,0.6086956304347826,0.6956522173913043,0.565217347826087,0.8275862057142858,0.565217347826087,0.8275862057142858,0.6086956260869565,0.6086980130434783
80,F3,0.7413793103448276,0.3913043478260869,0.4782609130434782,0.34782604347826085,0.6130439130434782,0.34782604347826085,0.7413793086956522,0.39130430434782615,0.3913066956521739
80,F4,0.9310344827586207,0.8695651956521739,0.8695652608695652,0.8260869130434783,0.9310344826086956,0.8260869130434783,0.9310344826086956,0.8695651913043478,0.8695652608695652
80,S1,0.8275862068965517,0.6086956304347826,0.6956522173913043,0.565217347826087,0.8275862057142858,0.565217347826087,0.8275862057142858,0.6086956260869565,0.6086980086956522
80,S2,0.896551724137931,0.7826086739130436,0.7826087391304348,0.7391303913043479,0.8965517228571429,0.7391303913043479,0.8965517228571429,0.7826086695652175,0.7826087391304348
80,S3,0.7758620689655172,0.4782608695652174,0.5652174347826087,0.43478256521739134,0.7191309130434782,0.43478256521739134,0.7758620685714286,0.4782608260869565,0.4782632173913044
80,S4,0.8620689655172413,0.6956521521739131,0.6956522173913043,0.6521738695652175,0.8620689652173913,0.6521738695652175,0.8620689652173913,0.695652147826087,0.6956522173913043
80,W1,0.8448275862068966,0.7428571428571429,0.7428571571428572,0.7428571142857143,0.7974287285714285,0.6086956086956522,0.8448275857142857,0.7428571428571429,0.74285716
80,W2,0.603448275862069,0.34285714285714286,0.34285714285714286,0.3428571142857143,0.3847144571428571,0.3428571142857143,0.5521430285714286,0.34285714285714286,0.3428571714285714
80,W3,0.5862068965517242,0.0,4.347826088046958e-08,0.0,0.09652217391304341,0.0,0.4826091304347826,0.0,4.347826088046958e-08
81,F1,0.8969072164948454,0.8113207547169812,0.8113207735849056,0.8113207358490566,0.896907215909091,0.77272725,0.896907215909091,0.8113207547169812,0.8113207679245282
81,F2,0.8762886597938144,0.7735849056603774,0.7735849245283019,0.7735848867924529,0.8762886590909091,0.7272727045454546,0.8762886590909091,0.7735849056603774,0.7735849245283019
81,F3,0.48453608247422686,0.05660377358490565,0.05660379245283009,0.0566037547169812,0.11528320754716981,0.0566037547169812,0.3500001886792453,0.05660377358490565,0.05660379245283009
81,F4,0.8041237113402062,0.6415094339622642,0.6415094528301887,0.6415094150943397,0.7745285471698113,0.5681817954545454,0.8041237113636364,0.6415094339622642,0.6415094528301887
81,S1,0.8144329896907216,0.6603773584905661,0.6603773773584906,0.6603773396226416,0.787358716981132,0.5909090681818181,0.8144329886363637,0.6603773584905661,0.6603773773584906
81,S2,0.8350515463917526,0.6981132075471699,0.6981132264150943,0.6981131886792453,0.8252832264150943,0.6363636136363636,0.8350515454545455,0.6981132075471699,0.6981132264150943
81,S3,0.7216494845360825,0.49056603773584906,0.4905660566037736,0.4905660188679245,0.6049058679245283,0.3863636136363636,0.7216494772727273,0.49056603773584906,0.4905660566037736
81,S4,0.8762886597938144,0.7735849056603774,0.7735849245283019,0.7735848867924529,0.8762886590909091,0.7272727045454546,0.8762886590909091,0.7735849056603774,0.7735849245283019
81,W1,0.845360824742268,0.7169811320754718,0.7735849245283019,0.7169811132075472,0.8453608245283019,0.6590908863636364,0.8453608245283019,0.7169811320754718,0.7169811509433962
81,W2,0.7422680412371134,0.5283018867924528,0.5283019056603774,0.5283018679245283,0.6367926603773585,0.43181815909090904,0.742268037735849,0.5283018867924528,0.5283019056603774
81,W3,0.7422680412371134,0.5283018867924528,0.742268037735849,0.5283018679245283,0.742268037735849,0.43181815909090904,0.742268037735849,0.5283018867924528,0.5283019056603774
82,F1,0.8306451612903226,0.631578947368421,0.631578947368421,0.6315789298245613,0.6964035964912281,0.02763126315789466,0.8306451604166667,0.631578947368421,0.631578947368421
82,F2,0.44354838709677424,0.0,0.3508771929824561,0.0,0.3792106140350877,0.0,0.4435483684210526,0.0,1.9298245612642262e-07
82,F3,0.7580645161290323,0.4736842105263158,0.4736842105263158,0.4736841929824561,0.5272807894736842,0.19605231578947369,0.6871053105263158,0.4736842105263158,0.4736842105263158
82,S1,0.75,0.45614035087719296,0.45614035087719296,0.45614033333333337,0.5052632456140351,0.26315757894736835,0.6578947842105263,0.45614035087719296,0.45614035087719296
82,S2,0.7258064516129032,0.4035087719298246,0.4035087719298246,0.403508754385965,0.45324570175438594,0.2539470526315789,0.6123684684210526,0.4035087719298246,0.4035087719298246
82,S3,0.7338709677419355,0.42105263157894735,0.42105263157894735,0.42105261403508776,0.4763158771929824,0.17105231578947366,0.6447368894736842,0.42105263157894735,0.42105263157894735
82,W1,0.7016129032258065,0.3508771929824561,0.3508771929824561,0.35087717543859653,0.3508771929824561,0.35087717543859653,0.3508771929824561,0.3508771929824561,0.3508771929824561
82,W2,0.9516129032258065,0.8947368421052632,0.8947368421052632,0.8947368245614035,0.8947368421052632,0.8947368245614035,0.8947368421052632,0.8947368421052632,0.8947368421052632
82,W3,0.5725806451612903,0.0,0.41666666666666663,0.0,0.41666666666666663,0.0,0.41666666666666663,0.4166664375,0.41666666666666663
83,F1,0.9777777777777777,0.9333333333333333,0.9777777776666666,0.9333332666666667,0.9777777776666666,0.9333332666666667,0.9777777776666666,0.9333333333333333,0.9333334606666667
83,F2,0.7777777777777778,0.33333333333333337,0.7777777766666667,0.33333326666666674,0.7777777766666667,0.33333326666666674,0.7777777766666667,0.33333333333333337,0.3333334600000001
83,F3,0.7777777777777778,0.33333333333333337,0.7777777766666667,0.33333326666666674,0.7777777766666667,0.33333326666666674,0.7777777766666667,0.33333333333333337,0.3333334600000001
83,S1,0.5777777777777777,0.0,0.5777777666666666,0.0,0.5777777666666666,0.0,0.5777777666666666,0.0,1.3333333337417486e-07
83,S2,0.9111111111111111,0.7333333333333334,0.91111111,0.7333332666666666,0.91111111,0.7333332666666666,0.91111111,0.7333333333333334,0.73333346
83,S3,0.9555555555555556,0.8666666666666667,0.9555555553333334,0.8666666,0.9555555553333334,0.8666666,0.9555555553333334,0.8666666666666667,0.8666667933333333
83,S4,0.7555555555555555,0.2666666666666667,0.7555555533333334,0.2666666000000001,0.7555555533333334,0.2666666000000001,0.7555555533333334,0.2666666666666667,0.2666668
83,W1,0.9111111111111111,0.7333333333333334,0.91111111,0.7333332666666666,0.91111111,0.7333332666666666,0.91111111,0.7333333333333334,0.73333346
83,W2,0.5777777777777777,0.0,0.5777777666666666,0.0,0.5777777666666666,0.0,0.5777777666666666,0.0,1.3333333337417486e-07
83,W3,0.6,0.0,0.6,0.0,0.6,0.0,0.6,0.0,6.666666663157628e-08
84,F1,0.8561643835616438,0.7,0.700000025,0.614999875,0.8357143211538461,0.474999975,0.8561643825,0.7,0.700000125
84,F2,0.8356164383561644,0.624999975,0.625000025,0.41374967500000004,0.768560673076923,0.39999997499999995,0.8356164375,0.624999975,0.62500005
84,F3,0.9931506849315068,0.9807692307692307,0.9807692403846154,0.974999975,0.993150685,0.974999975,0.993150685,0.9807692307692307,0.9807692398076923
84,S1,0.9726027397260274,0.9230769230769231,0.9230769326923077,0.899999975,0.9726027388888889,0.899999975,0.9726027388888889,0.9230769230769231,0.9230769288461539
84,S2,0.9246575342465754,0.8269230576923077,0.8269230865384616,0.7884615192307692,0.890561265,0.724999975,0.9246575333333333,0.8269230461538462,0.8269230826923077
84,S3,0.910958904109589,0.8269230576923077,0.8269230865384616,0.7499999807692308,0.8816837134615385,0.674999975,0.9109589037037037,0.826922675,0.8269230826923077
84,S4,0.8698630136986302,0.75,0.750000025,0.6561248749999999,0.8495408575,0.524999975,0.8698630125,0.75,0.7500001199999999
84,W1,0.9863013698630136,0.9615384615384616,0.9615384711538462,0.949999975,0.98630136975,0.949999975,0.98630136975,0.9615384615384616,0.9615384673076923
84,W2,0.773972602739726,0.3653846153846154,0.3653846153846154,0.3653845961538462,0.3653846153846154,0.3653845961538462,0.3653846153846154,0.3653846153846154,0.3653846153846154
84,W3,0.8904109589041096,0.824999975,0.825000025,0.599999975,0.8661441096153846,0.599999975,0.8904109592592593,0.8249999800000001,0.8250000399999999
84,W4,0.9383561643835616,0.8269230769230769,0.8269230769230769,0.8269230576923077,0.8269230769230769,0.8269230576923077,0.8269230769230769,0.8269230769230769,0.8269230769230769
87,F1,0.8943661971830986,0.7727272272727272,0.8604651227272727,0.5186361818181817,0.8943661954545454,0.31818177272727277,0.8943661954545454,0.7906975558139535,0.7906977023255815
87,F2,0.9859154929577465,0.9534883720930233,0.9534883790697675,0.9090908636363636,0.9859154928947368,0.9090908636363636,0.9859154928947368,0.9534883720930233,0.9534883790697675
87,F3,0.9014084507042254,0.6744186046511628,0.6976744186046512,0.6744185813953489,0.7903101697674418,0.4756492272727273,0.90140845,0.6744186046511628,0.6744186511627908
87,F4,0.8098591549295775,0.09090904545454537,0.0909091363636364,0.0,0.5059096818181819,0.0,0.8098591538461539,0.09090904545454537,0.0909091363636364
87,S1,0.7253521126760563,0.0,0.5166666818181818,0.0,0.6468335000000001,0.0,0.7253521025641025,0.23684207894736842,0.23684228947368424
87,S2,0.6830985915492958,0.0,0.4166666818181818,0.0,0.5368335,0.0,0.6830985789473685,0.07894734210526322,0.07894755263157882
87,S3,0.9647887323943662,0.8837209302325582,0.8837209372093023,0.8682952818181818,0.9601422322727273,0.7727272272727272,0.9647887315789474,0.8837209302325582,0.8837209395348837
87,S4,0.8380281690140845,0.4090908636363637,0.78333335,0.16204527272727276,0.8380281681818182,0.0,0.8380281681818182,0.6578947105263158,0.6578949210526316
87,W1,0.8380281690140845,0.5526315789473684,0.5526315789473684,0.5526315526315789,0.6868422631578948,0.22727268181818172,0.8380281681818182,0.5526315789473684,0.5526316052631579
87,W2,0.8732394366197183,0.5641025641025641,0.6923077179487179,0.511363,0.8425926205128205,0.22727268181818172,0.8732394358974359,0.5641025641025641,0.564102641025641
87,W3,0.8309859154929577,0.22727268181818172,0.22727277272727275,0.0,0.6586369545454546,0.0,0.8309859136363636,0.22727268181818172,0.22727277272727275
87,W4,0.8802816901408451,0.6046511627906976,0.6046511627906976,0.6046511395348837,0.674941953488372,0.6023025,0.8710352657894737,0.6046511627906976,0.6046511627906976
89,F1,0.5810810810810811,0.16666662499999996,0.1666667083333334,0.0695829166666666,0.2637503333333333,0.0,0.5784723333333333,0.16666662499999996,0.1666667083333334
89,F2,0.8648648648648649,0.8,0.8000000199999999,0.79999998,0.8648648640000001,0.5833332916666667,0.8648648640000001,0.8,0.800000018
89,F3,0.6351351351351351,0.45999999999999996,0.46000002000000006,0.45999998,0.52180016,0.45999998,0.6351351333333333,0.45999999999999996,0.46000002000000006
89,S1,0.7837837837837838,0.6799999999999999,0.68000002,0.6799999800000001,0.75300016,0.39062479166666664,0.78378378,0.6799999999999999,0.68000002
89,S2,0.9459459459459459,0.92,0.92000002,0.8333332916666667,0.9459459458333334,0.8333332916666667,0.9459459458333334,0.92,0.920000018
89,S3,0.5675675675675675,0.12499995833333333,0.5000000416666666,0.032499666666666704,0.5675675600000001,0.0,0.5675675600000001,0.12499995833333333,0.12500004166666667
89,W1,0.7837837837837838,0.6799999999999999,0.68000002,0.6799999800000001,0.7668001799999999,0.402083125,0.78378378,0.6799999999999999,0.68000002
89,W2,0.9864864864864865,0.98,0.98000002,0.9583332916666667,0.9864864864,0.9583332916666667,0.9864864864,0.98,0.9800000178
89,W3,0.8108108108108107,0.77999998,0.78000002,0.7199999800000001,0.81081081,0.41666662500000007,0.81081081,0.77999998,0.78000002
89,W4,0.8108108108108107,0.77999998,0.78000002,0.7199999800000001,0.81081081,0.4249997916666667,0.81081081,0.77999998,0.78000002
90,F1,0.7685185185185185,0.5454545454545454,0.5454545636363637,0.5454545272727273,0.6627275272727273,0.5283018679245283,0.7685185094339623,0.5454545454545454,0.5454545636363637
90,F2,0.7685185185185185,0.5454545454545454,0.5454545636363637,0.5454545272727273,0.6345456363636364,0.5454545272727273,0.7685185094339623,0.5454545454545454,0.5454545636363637
90,F3,0.7777777777777778,0.5636363636363637,0.5636363636363637,0.5636363454545454,0.6159091818181819,0.5636363454545454,0.7777777735849056,0.5636363636363637,0.5636363636363637
90,S1,0.5648148148148149,0.23636363636363633,0.2363636545454545,0.2057272,0.2976365090909091,0.14545452727272734,0.5427274181818182,0.23636361818181828,0.2363636545454545
90,S2,0.7962962962962963,0.6,0.6000000181818181,0.5999999818181818,0.6945456363636364,0.5849056415094339,0.7962962909090909,0.6,0.6000000181818181
90,S3,0.7685185185185185,0.5454545454545454,0.5454545636363637,0.5454545272727273,0.6343638,0.5454545272727273,0.7685185094339623,0.5454545454545454,0.5454545636363637
90,W1,0.9722222222222222,0.9454545454545454,0.9454545545454546,0.9433962075471698,0.9722222218181819,0.9433962075471698,0.9722222218181819,0.9454545454545454,0.9454545527272727
90,W2,0.7222222222222222,0.4545454545454546,0.45454547272727275,0.4545454363636363,0.5510910727272728,0.4545454363636363,0.7222222181818182,0.4545454545454546,0.45454547272727275
90,W3,0.8611111111111112,0.7272727272727273,0.7272727454545455,0.7272727090909091,0.8325456181818182,0.7169811132075472,0.8611111109090909,0.7272727272727273,0.7272727454545455
90,W4,0.7222222222222222,0.4545454545454546,0.45454547272727275,0.4545454363636363,0.5002728181818181,0.4545454363636363,0.683181909090909,0.4545454545454546,0.4545454545454546
92,F1,0.9927007299270073,0.96,0.9870129934615385,0.9444443888888889,0.99270073,0.9444443888888889,0.99270073,0.96,0.9600000596
92,F2,0.9051094890510949,0.48,0.831168836,0.47999996,0.898717992,0.2777777222222223,0.905109488,0.48,0.48000003999999996
92,F3,0.948905109489051,0.72,0.9090909153846154,0.71999996,0.948905108,0.6111110555555556,0.948905108,0.72,0.72000006
92,S1,0.6934306569343065,0.0,4.000000008996807e-08,0.0,0.2828004799999999,0.0,0.633240284,0.0,4.000000008996807e-08
92,S2,0.7007299270072993,0.0,4.000000008996807e-08,0.0,0.28240048000000006,0.0,0.6385475384615384,0.0,4.000000008996807e-08
92,S3,0.9562043795620438,0.76,0.922077928,0.75999996,0.9562043785714286,0.666666611111111,0.9562043785714286,0.76,0.76000006
92,W1,0.9416058394160584,0.6799999999999999,0.8961039019230769,0.67999996,0.9416058384615384,0.6111110555555556,0.9416058384615384,0.6799999999999999,0.68000006
92,W2,0.8175182481751825,0.0,0.64000004,0.0,0.7686047277777778,0.0,0.8175182476190477,0.0,4.000000008996807e-08
92,W3,0.6496350364963503,0.0,4.000000008996807e-08,0.0,0.25640036,0.0,0.4675324615384615,0.0,4.000000008996807e-08
93,F1,0.74,0.543859649122807,0.5438596666666666,0.5438596315789473,0.6205264699999999,0.0,0.74,0.543859649122807,0.543859701754386
93,F2,0.9,0.8245614035087719,0.8245614122807018,0.74899955,0.86859655,0.0,0.9,0.8245614035087719,0.8245614105263158
93,F3,0.78,0.6140350877192983,0.6140351052631579,0.539999,0.6947369999999999,0.0,0.78,0.6140350877192983,0.6140351228070176
93,S1,0.72,0.5087719298245614,0.5087719473684211,0.5087719122807017,0.5789475087719298,0.0,0.72,0.5087719298245614,0.5087719649122806
93,S2,0.91,0.8421052631578947,0.8421052719298245,0.73049955,0.8893860263157894,0.09999990000000003,0.91,0.8421052631578947,0.8421052701754386
93,S3,0.6699999999999999,0.42105263157894735,0.42105264912280693,0.42105261403508776,0.4798246666666667,0.0,0.6699999999999999,0.42105263157894735,0.42105266666666674
93,W1,0.62,0.33333333333333337,0.33333333333333337,0.3333333157894738,0.33333333333333337,0.3333333157894738,0.33333333333333337,0.33333333333333337,0.33333333333333337
93,W2,0.6,0.0,3.0000000039720476e-08,0.0,0.1056668999999999,0.0,0.52833357,0.0,3.9999999978945766e-08
93,W3,0.84,0.7192982456140351,0.7192982456140351,0.7192982280701754,0.7192982456140351,0.7192982280701754,0.7192982456140351,0.7192982456140351,0.7192982456140351
94,F1,0.8217054263565892,0.5208333333333333,0.7291666875,0.5208333125,0.8034884763157895,0.0,0.8217054263157895,0.5208333333333333,0.5208337083333334
94,F2,0.7209302325581395,0.25,0.6458333541666668,0.1783326111111111,0.7209302291666666,0.0,0.7209302291666666,0.25,0.25000035416666666
94,F3,0.9612403100775194,0.868421052631579,0.9418604763157895,0.7222221666666666,0.96124031,0.7222221666666666,0.96124031,0.8958333333333334,0.8958336979166667
94,F4,0.6821705426356589,0.0,0.3888889375,0.0,0.6821705416666666,0.0,0.6821705416666666,0.3749999791666666,0.37500035416666666
94,S1,0.6666666666666667,0.10416666666666663,0.3125000208333333,0.10416664583333335,0.40958352083333327,0.0,0.6666666578947369,0.10416666666666663,0.10416702083333329
94,S2,0.8372093023255813,0.2777777222222223,0.8372093,0.0,0.8372093,0.0,0.8372093,0.5625,0.5625003541666667
94,S3,0.8682170542635659,0.6458333333333333,0.8023255921052631,0.5573680789473685,0.8682170541666667,0.05555549999999998,0.8682170541666667,0.6458333333333333,0.6458337083333334
94,S4,0.8372093023255813,0.11111105555555545,0.8372093,0.0,0.8372093,0.0,0.8372093,0.5625,0.5625003541666667
94,W1,0.8372093023255813,0.4473684210526315,0.7558139583333333,0.4473683947368421,0.8367443,0.0,0.8372093,0.5625,0.5625003541666667
94,W2,0.6434108527131783,0.25,0.2500000208333333,0.24999997916666672,0.347291875,0.0,0.6434108421052631,0.25,0.2500000208333333
94,W3,0.627906976744186,0.0,5.555555560032843e-08,0.0,0.26111155555555554,0.0,0.6279069736842104,0.0,5.555555560032843e-08
97,F1,0.5364238410596027,0.0,0.0,0.0,0.06666677777777785,0.0,0.2804878571428572,0.0,2.7777777744653065e-08
97,F2,0.6821192052980132,0.0,0.11111111111111116,0.0,0.18944458333333325,0.0,0.3763889444444444,0.0,2.500000000016378e-06
97,F3,0.8211920529801324,0.25,0.7065217500000001,0.24999997222222214,0.7354348035714285,0.24999997222222214,0.8211920508474576,0.25,0.25000008333333334
97,S1,0.8609271523178808,0.41666666666666663,0.771739125,0.4166666388888889,0.7937771916666667,0.4166666388888889,0.8609271517857142,0.41666666666666663,0.41666675
97,S2,0.695364238410596,0.0,0.22222225000000007,0.0,0.3272222777777778,0.0,0.49722227777777783,0.0,8.33333333449815e-08
97,S3,0.48344370860927155,0.0,0.0,0.0,0.03231488888888889,0.0,0.15725002777777775,0.0,0.0
97,W1,0.8410596026490066,0.33333333333333337,0.33333333333333337,0.3333333055555555,0.39090286111111117,0.3333333055555555,0.621180638888889,0.33333333333333337,0.33333333333333337
97,W2,0.7086092715231789,0.0,0.7086092678571428,0.0,0.7086092678571428,0.0,0.7086092678571428,0.0,2.527777777761031e-06
97,W3,0.9470198675496688,0.7777777777777778,0.9130434803571429,0.77777775,0.93861415,0.77777775,0.9470198666666667,0.7777777777777778,0.7777802972222222
97,W4,0.9006622516556292,0.5833333333333333,0.836956525,0.5833333055555556,0.8650000214285715,0.5833333055555556,0.9006622508474577,0.5833333333333333,0.583335861111111
98,F1,0.8046875,0.5,0.5000000200000001,0.49999998,0.5674000800000001,0.35138875,0.8046875,0.5,0.5
98,F2,0.484375,0.0,0.43999999999999995,0.0,0.46620005555555555,0.0,0.484375,0.0,7.083333333213204e-07
98,F3,0.9453125,0.86,0.860000006,0.85999998,0.9146000599999999,0.7083332916666667,0.9453125,0.86,0.860000004
98,S1,0.5234375,0.0,1.9999999989472883e-08,0.0,0.08120016000000008,0.0,0.40600015999999994,0.0,1.9999999989472883e-08
98,S2,0.9453125,0.86,0.860000006,0.85999998,0.917266726,0.7083332916666667,0.9453125,0.86,0.860000004
98,S3,0.75,0.36,0.36,0.35999998,0.41700006,0.35999998,0.64500008,0.36,0.36
98,W1,0.6953125,0.2777777777777778,0.5,0.2777777592592593,0.5413580740740741,0.2777777592592593,0.6953125,0.4999997592592593,0.5
98,W2,0.75,0.16666666666666663,0.7435897407407408,0.16666662499999996,0.75,0.16666662499999996,0.75,0.16666666666666663,0.16666737499999995
98,W3,0.8515625,0.62,0.62,0.61999998,0.6683334000000001,0.49652762500000003,0.8515625,0.62,0.62
105,F1,0.7297297297297297,0.1071428571428571,0.10714287499999997,0.10714283928571433,0.25982162499999994,0.0,0.7297297294117647,0.1071428571428571,0.10714287499999997
105,F2,0.8756756756756756,0.5892857142857143,0.5892857321428572,0.5892856964285714,0.7671430178571428,0.0,0.875675675,0.5892857142857143,0.5892857321428572
105,F3,0.7837837837837838,0.2857142857142857,0.2857143035714286,0.28571426785714293,0.41107155357142855,0.0,0.7837837823529412,0.2857142857142857,0.2857143392857143
105,S1,0.6054054054054054,0.0,1.785714276447692e-08,0.0,0.09660728571428567,0.0,0.48303585000000004,0.0,1.785714276447692e-08
105,S2,0.9081081081081082,0.6964285714285714,0.6964285892857143,0.4764702647058823,0.8714287316666667,0.0,0.9081081058823529,0.6964285714285714,0.6964286071428571
105,S3,0.9513513513513514,0.8392857142857143,0.8392857321428571,0.713529088235294,0.9513513511764706,0.47058817647058826,0.9513513511764706,0.8392857142857143,0.8392857321428571
105,S4,0.7621621621621621,0.2142857142857143,0.21428573214285707,0.21428569642857143,0.3348215714285715,0.0,0.7621621538461538,0.2142857142857143,0.21428576785714282
105,W1,0.8432432432432433,0.4821428571428571,0.48214287499999997,0.4821428392857142,0.6307144464285714,0.0,0.8432432411764705,0.4821428571428571,0.48214287499999997
105,W2,0.8972972972972972,0.0,0.7397260357142857,0.0,0.8652056,0.0,0.8972972964285715,0.6607142857142857,0.6607143392857142
105,W3,0.6486486486486487,0.0,0.0,0.0,0.03732148214285724,0.0,0.1866071964285715,0.0,0.0
105,W4,0.9189189189189189,0.7321428571428572,0.732142875,0.414705294117647,0.9098215892857143,0.11764700000000006,0.9189189176470588,0.7321428571428572,0.7321428928571428
106,F1,0.5725190839694656,0.0,0.0980392156862745,0.0,0.14205892156862743,0.0,0.3181373529411765,0.09803915686274511,0.09803923529411762
106,F2,0.8244274809160306,0.5490196078431373,0.627451,0.38076846153846156,0.7852943137254902,0.0,0.8244274803921569,0.5490196078431373,0.5490196666666667
106,F3,0.7099236641221374,0.07692300000000007,0.3846154230769231,0.0,0.5004527153846154,0.0,0.609259294117647,0.07692300000000007,0.07692315384615378
106,S1,0.6106870229007634,0.19607841176470597,0.5,0.10333313725490201,0.5280882549019608,0.0,0.6106870196078431,0.49019605882352935,0.49019613725490196
106,S2,0.7251908396946565,0.2941176470588235,0.6470588235294117,0.29411762745098047,0.7146079215686274,0.0,0.7251908375,0.49019605882352935,0.49019613725490196
106,S3,0.8931297709923665,0.7254901960784313,0.8627451078431372,0.31307615384615395,0.8931297687499999,0.0,0.8931297687499999,0.7254901960784313,0.7254902156862745
106,W1,0.9694656488549618,0.9215686274509804,0.9215686470588236,0.6923076153846154,0.96946564875,0.6923076153846154,0.96946564875,0.9215686274509804,0.9215686490196079
106,W2,0.732824427480916,0.3076923076923077,0.3076923461538462,0.3076922307692308,0.4892223461538461,0.3076922307692308,0.490196076923077,0.3076923076923077,0.30769236923076926
106,W3,0.6183206106870229,0.019607843137254943,0.019607843137254943,0.019607823529411816,0.054183098039215616,0.019607823529411816,0.19248374509803923,0.019607843137254943,0.019607843137254943
108,F1,0.6666666666666667,0.30952380952380953,0.30952383333333333,0.30952378571428574,0.37404776190476186,0.30952378571428574,0.632143,0.30952380952380953,0.30952383333333333
108,F2,0.8390804597701149,0.6666666666666667,0.6666666904761904,0.6666666428571428,0.7728574047619048,0.6666666428571428,0.8390804595238095,0.6666666666666667,0.6666666904761904
108,F3,0.7701149425287357,0.5238095238095238,0.5238095476190476,0.5238095,0.6285716904761904,0.5238095,0.7701149333333334,0.5238095238095238,0.5238095476190476
108,S1,0.7931034482758621,0.5714285714285714,0.5714285952380953,0.5714285476190476,0.6614288333333334,0.5714285476190476,0.7931034476190476,0.5714285714285714,0.5714285952380953
108,S2,0.7931034482758621,0.5714285714285714,0.5714285952380953,0.5714285476190476,0.6609525952380952,0.5714285476190476,0.7931034476190476,0.5714285714285714,0.5714285952380953
108,S3,0.7816091954022988,0.5476190476190477,0.5476190714285715,0.5476190238095238,0.6354764047619048,0.5476190238095238,0.7816091952380952,0.5476190476190477,0.5476190714285715
108,S4,0.9425287356321839,0.8809523809523809,0.8809524047619047,0.8809523571428571,0.9425287355555556,0.8809523571428571,0.9425287355555556,0.8809523809523809,0.8809524023809524
108,W1,0.7471264367816092,0.47619047619047616,0.47619050000000007,0.47619045238095237,0.5523811190476191,0.47619045238095237,0.7471264285714285,0.47619047619047616,0.47619050000000007
108,W2,0.6666666666666667,0.30952380952380953,0.30952383333333333,0.30952378571428574,0.391666880952381,0.30952378571428574,0.6666666666666667,0.30952380952380953,0.30952383333333333
108,W3,0.632183908045977,0.23809523809523814,0.23809526190476193,0.23809521428571434,0.31547640476190475,0.23809521428571434,0.6250002142857143,0.23809523809523814,0.23809526190476193
110,F1,0.7674418604651163,0.6551724137931034,0.6551724482758621,0.6551723793103448,0.7151726551724138,0.5107139642857144,0.7674418571428572,0.6551724137931034,0.6551724551724138
110,F2,0.6976744186046512,0.5517241379310345,0.5517241724137931,0.5517241034482758,0.6031036896551725,0.4678565714285714,0.6976744172413794,0.5517241379310345,0.5517241724137931
110,F3,0.9534883720930233,0.9310344827586207,0.9310345172413793,0.87785675,0.9534883721428571,0.8571427857142857,0.9534883721428571,0.9310344827586207,0.931034524137931
110,S1,0.4883720930232558,0.4482758275862069,0.44827589655172406,0.41241348275862066,0.4841382413793103,0.1999992857142857,0.4883720928571428,0.4482758275862069,0.44827589655172406
110,S2,0.8372093023255813,0.7586206896551724,0.758620724137931,0.7586206551724137,0.8317244482758621,0.4999999285714286,0.8372093,0.7586206896551724,0.7586207310344828
110,S3,0.9069767441860466,0.8620689655172413,0.862069,0.8314278571428572,0.9069767428571428,0.7142856428571429,0.9069767428571428,0.8620689655172413,0.8620690068965517
110,S4,0.9069767441860466,0.8620689655172413,0.862069,0.8485708571428572,0.9069767428571428,0.7142856428571429,0.9069767428571428,0.8620689655172413,0.8620690068965517
110,W1,0.7906976744186046,0.6896551724137931,0.6896551896551724,0.6896551379310345,0.7224139137931034,0.6607139642857143,0.7906976714285714,0.6896551724137931,0.6896551931034482
110,W2,0.8372093023255813,0.7586206896551724,0.7586207068965517,0.7586206551724137,0.7972414999999999,0.6142854785714286,0.8372093,0.7586206896551724,0.7586207103448276
110,W3,0.9302325581395349,0.896551724137931,0.8965517586206897,0.8496424642857143,0.9302325578571429,0.7857142142857143,0.9302325578571429,0.896551724137931,0.8965517655172414
110,W4,0.8604651162790697,0.7931034482758621,0.7931034827586207,0.7931034137931035,0.8604651142857143,0.5714285,0.8604651142857143,0.7931034482758621,0.7931034896551724
116,F1,0.5288461538461539,0.039215686274509776,0.058823549019607846,0.03921566666666676,0.12313741176470594,0.03921566666666676,0.3803923137254902,0.039215686274509776,0.0392157058823529
116,F2,0.8269230769230769,0.6470588235294117,0.6470588431372549,0.6470588039215686,0.7705884313725491,0.0,0.826923075,0.6470588235294117,0.6470588431372549
116,F3,0.8846153846153846,0.7647058823529411,0.7647059019607843,0.7174994583333334,0.8795804960784314,0.0,0.8846153833333333,0.7647058823529411,0.7647059019607843
116,F4,0.9038461538461539,0.803921568627451,0.8039215882352941,0.7149995,0.90384615,0.1666665833333334,0.90384615,0.803921568627451,0.8039215843137255
116,S1,0.9903846153846154,0.9803921568627451,0.9803921764705882,0.9166665833333334,0.990384615,0.9166665833333334,0.990384615,0.9803921568627451,0.9803921721568627
116,S2,0.9134615384615384,0.8235294117647058,0.823529431372549,0.7074995416666667,0.9134615390243902,0.24999991666666677,0.9134615390243902,0.8235294117647058,0.8235294274509803
116,S3,0.7980769230769231,0.5882352941176471,0.5882353137254902,0.5882352745098038,0.7023531372549019,0.0,0.7980769215686274,0.5882352941176471,0.5882353137254902
116,S4,0.9326923076923077,0.8627450980392157,0.8627451176470589,0.7129162083333334,0.9326923073170732,0.4166665833333333,0.9326923073170732,0.8627450980392157,0.8627451137254902
116,W1,0.875,0.7450980392156863,0.7450980588235294,0.7450980196078432,0.8632416215686275,0.241666375,0.875,0.7450980392156863,0.7450980588235294
116,W2,0.7307692307692308,0.4509803921568627,0.45098041176470594,0.45098037254901957,0.5590198431372548,0.4260414,0.7183823902439024,0.4509803921568627,0.45098041176470594
116,W3,0.9326923076923077,0.8627450980392157,0.8627451176470589,0.829268268292683,0.9326923073170732,0.4166665833333333,0.9326923073170732,0.8627450980392157,0.8627451196078432
116,W4,0.8557692307692308,0.7058823529411764,0.7058823725490195,0.7058823333333333,0.8250982156862745,0.0,0.855769231372549,0.7058823529411764,0.7058823725490195
118,F1,0.9444444444444444,0.868421052631579,0.8684210657894736,0.7986661333333334,0.9305427333333334,0.6666666,0.9444444432432433,0.868421052631579,0.8684210631578948
118,F2,0.6333333333333333,0.13157894736842102,0.13157894736842102,0.1315789210526317,0.17026326315789475,0.1315789210526317,0.3250001052631578,0.13157894736842102,0.13157894736842102
118,F3,0.6666666666666667,0.21052631578947367,0.47368423684210526,0.21052628947368424,0.547105394736842,0.0,0.6666666578947369,0.21052631578947367,0.21052636842105255
118,S1,0.8333333333333334,0.6052631578947368,0.6052631578947368,0.6052631315789474,0.6655264210526315,0.24666640000000006,0.8286822315789474,0.6052631578947368,0.6052631578947368
118,S2,0.5888888888888889,0.0,0.4473684210526315,0.0,0.49394747368421055,0.0,0.5888888866666666,0.0,4.0000000001150227e-07
118,S3,0.6222222222222222,0.1333333333333333,0.13333339999999994,0.07555533333333342,0.3066671333333333,0.0,0.49700602000000005,0.1333333333333333,0.13333346666666668
118,W1,0.8,0.5263157894736843,0.5263157894736843,0.5263157631578947,0.5263157894736843,0.5263157631578947,0.5263157894736843,0.5263157894736843,0.5263157894736843
118,W2,0.7777777777777778,0.4736842105263158,0.4736842105263158,0.47368418421052627,0.4736842105263158,0.47368418421052627,0.4736842105263158,0.4736842105263158,0.4736842105263158
118,W3,0.8222222222222222,0.5789473684210527,0.6052631842105263,0.5789473421052631,0.6726317105263158,0.1466662666666667,0.82222222,0.5789473684210527,0.5789474210526315
118,W4,0.9111111111111111,0.7894736842105263,0.7894736973684211,0.7894736578947369,0.8523256657894737,0.46666660000000004,0.9111111105263158,0.7894736842105263,0.7894736947368421
