instance,target,aggregate,per_hospital,equal_cost,top_up_on_installed,installed_supports_equity
0,0.8,39.0,39.0,True,0.0,True
1,0.8,30.6,30.6,True,0.0,True
3,0.8,59.0,59.0,True,0.0,True
4,0.8,26.4,26.4,True,0.0,True
5,0.8,4.0,4.0,True,0.0,True
10,0.8,8.8,8.8,True,0.0,True
11,0.8,52.199999999999996,59.400000000000006,False,7.2,False
13,0.8,8.4,8.4,True,0.0,True
16,0.8,30.599999999999998,30.599999999999998,True,0.0,True
17,0.8,19.8,21.2,False,3.8,False
19,0.8,5.800000000000001,5.800000000000001,True,0.0,True
23,0.8,36.6,36.6,True,0.0,True
27,0.8,38.8,54.8,False,16.0,False
28,0.8,69.6,69.60000000000001,True,0.0,True
29,0.8,77.4,83.4,False,21.6,False
30,0.8,26.2,26.2,True,0.0,True
31,0.8,36.6,36.6,True,0.0,True
32,0.8,24.6,24.6,True,13.0,False
33,0.8,30.0,30.0,True,5.0,False
34,0.8,33.0,33.0,True,0.0,True
36,0.8,44.199999999999996,44.199999999999996,True,0.0,True
37,0.8,9.200000000000001,14.4,False,5.2,False
38,0.8,45.8,45.800000000000004,True,0.0,True
39,0.8,7.4,7.4,True,0.0,True
44,0.8,13.8,27.0,False,13.2,False
45,0.8,107.6,107.6,True,0.0,True
46,0.8,57.0,57.0,True,0.0,True
47,0.8,16.8,16.799999999999997,True,0.0,True
50,0.8,76.4,76.39999999999999,True,0.0,True
52,0.8,18.4,18.4,True,0.0,True
54,0.8,31.4,31.4,True,0.0,True
57,0.8,64.4,64.4,True,0.0,True
58,0.8,74.2,74.2,True,0.0,True
60,0.8,32.0,32.0,True,0.0,True
61,0.8,26.2,26.2,True,0.0,True
63,0.8,53.8,53.8,True,1.0,False
67,0.8,39.0,39.0,True,0.0,True
68,0.8,56.400000000000006,56.4,True,0.0,True
71,0.8,27.4,27.4,True,0.0,True
74,0.8,24.8,24.8,True,0.0,True
75,0.8,9.0,9.0,True,0.0,True
79,0.8,33.8,33.8,True,0.0,True
80,0.8,17.2,17.2,True,0.0,True
81,0.8,36.2,36.2,True,0.0,True
82,0.8,84.2,84.2,True,0.0,True
83,0.8,21.0,21.0,True,0.0,True
84,0.8,3.8,22.6,False,18.8,False
87,0.8,16.6,16.6,True,0.0,True
89,0.8,34.6,34.6,True,0.0,True
90,0.8,38.4,38.4,True,0.0,True
92,0.8,35.2,40.2,False,5.0,False
93,0.8,39.0,50.2,False,11.2,False
94,0.8,54.599999999999994,54.599999999999994,True,0.0,True
97,0.8,101.4,101.4,True,0.0,True
98,0.8,89.2,89.2,True,0.0,True
105,0.8,77.0,77.0,True,0.0,True
106,0.8,78.4,78.4,True,0.0,True
108,0.8,28.6,28.6,True,0.0,True
110,0.8,18.2,18.2,True,0.0,True
116,0.8,28.4,28.4,True,0.0,True
118,0.8,36.0,56.8,False,20.8,False
0,0.9,79.0,79.0,True,0.0,True
1,0.9,48.1,48.1,True,0.0,True
3,0.9,90.5,90.5,True,0.0,True
4,0.9,58.400000000000006,58.400000000000006,True,0.0,True
5,0.9,14.0,14.0,True,0.0,True
10,0.9,17.099999999999998,17.1,True,0.0,True
11,0.9,86.1,92.0,False,5.9,False
13,0.9,29.2,29.2,True,0.0,True
16,0.9,47.1,47.1,True,0.0,True
17,0.9,44.4,48.0,False,7.2,False
19,0.9,13.9,13.9,True,0.0,True
23,0.9,70.14999999999999,70.14999999999999,True,0.0,True
27,0.9,80.64999999999999,88.64999999999999,False,8.0,False
28,0.9,109.8,109.8,True,0.0,True
29,0.9,116.7,120.2,False,13.5,False
30,0.9,57.1,57.1,True,0.0,True
31,0.9,57.300000000000004,57.300000000000004,True,0.0,True
32,0.9,50.2,50.199999999999996,True,6.5,False
33,0.9,49.0,49.0,True,6.0,False
34,0.9,57.0,57.0,True,0.0,True
36,0.9,72.1,72.10000000000001,True,0.0,True
37,0.9,31.1,36.0,False,4.9,False
38,0.9,83.9,83.9,True,0.0,True
39,0.9,18.2,18.2,True,0.0,True
44,0.9,46.1,58.0,False,11.899999999999999,False
45,0.9,147.8,147.8,True,0.0,True
46,0.9,87.0,87.0,True,0.0,True
47,0.9,26.4,26.400000000000002,True,0.0,True
50,0.9,115.7,115.7,True,0.0,True
52,0.9,38.2,40.7,False,5.0,False
54,0.9,52.7,52.7,True,0.0,True
57,0.9,99.89999999999999,99.9,True,0.0,True
58,0.9,109.6,109.6,True,0.0,True
60,0.9,64.5,64.5,True,0.0,True
61,0.9,58.4,58.4,True,0.0,True
63,0.9,109.8,109.8,True,0.0,True
67,0.9,63.0,63.0,True,0.0,True
68,0.9,79.2,79.2,True,0.0,True
71,0.9,48.7,48.7,True,0.0,True
74,0.9,46.4,46.4,True,0.0,True
75,0.9,19.5,19.5,True,0.0,True
79,0.9,60.05,60.05,True,0.0,True
80,0.9,35.7,35.7,True,0.0,True
81,0.9,60.55,60.55,True,0.0,True
82,0.9,127.6,127.6,True,0.0,True
83,0.9,34.5,34.5,True,0.0,True
84,0.9,32.2,45.4,False,13.2,False
87,0.9,53.4,53.4,True,0.0,True
89,0.9,56.800000000000004,56.800000000000004,True,0.0,True
90,0.9,76.2,76.2,True,0.0,True
92,0.9,62.599999999999994,62.599999999999994,True,0.0,True
93,0.9,73.0,81.6,False,8.6,False
94,0.9,96.35,96.35,True,0.0,True
97,0.9,146.7,146.7,True,0.0,True
98,0.9,127.6,127.6,True,0.0,True
105,0.9,132.5,132.5,True,1.9,False
106,0.9,117.7,117.7,True,0.0,True
108,0.9,59.050000000000004,59.050000000000004,True,0.0,True
110,0.9,31.099999999999998,31.1,True,0.0,True
116,0.9,53.8,53.8,True,0.0,True
118,0.9,73.5,83.9,False,10.4,False
