instance,failed,nominal,draws,pm5_low,pm5_high,pm5_strand_draws,pm5_distinct,pm20_low,pm20_high,pm20_strand_draws,pm20_distinct
0,F1,0.4814814814814815,20,0.375,0.4814814814814815,0,2,0.375,0.5185185185185186,0,3
0,F2,0.2592592592592593,20,0.2592592592592593,0.4444444444444444,0,2,0.2592592592592593,0.4444444444444444,0,2
0,F3,0.40740740740740744,20,0.40740740740740744,0.40740740740740744,0,1,0.37037037037037035,0.40740740740740744,0,2
0,S1,0.4629629629629629,20,0.4629629629629629,0.5833333333333333,0,2,0.125,0.5833333333333333,0,3
0,S2,0.40740740740740744,20,0.40740740740740744,0.42592592592592593,0,2,0.38888888888888884,0.42592592592592593,0,3
0,S3,0.6666666666666667,20,0.5833333333333333,0.6875,0,3,0.5833333333333333,0.7037037037037037,0,4
0,W1,0.7407407407407407,20,0.3125,0.7407407407407407,0,5,0.3125,0.7407407407407407,0,5
0,W2,0.7777777777777778,20,0.7777777777777778,0.7777777777777778,0,1,0.7777777777777778,0.7777777777777778,0,1
0,W3,0.7407407407407407,20,0.7407407407407407,0.7407407407407407,0,1,0.7407407407407407,0.7407407407407407,0,1
0,W4,0.0,20,0.0,0.0,20,1,0.0,0.0,20,1
1,F1,0.6666666666666667,20,0.6666666666666667,0.6666666666666667,0,1,0.6666666666666667,0.7083333333333333,0,2
1,F2,0.375,20,0.375,0.375,0,1,0.375,0.375,0,1
1,F3,0.33333333333333337,20,0.33333333333333337,0.33333333333333337,0,1,0.33333333333333337,0.5,0,2
1,F4,0.875,20,0.875,0.875,0,1,0.875,0.875,0,1
1,S1,0.33333333333333337,20,0.33333333333333337,0.33333333333333337,0,1,0.33333333333333337,0.33333333333333337,0,1
1,S2,0.33333333333333337,20,0.08333333333333337,0.33333333333333337,0,3,0.08333333333333337,0.33333333333333337,0,3
1,S3,0.45833333333333337,20,0.45833333333333337,0.45833333333333337,0,1,0.45833333333333337,0.45833333333333337,0,1
1,W1,0.7083333333333333,20,0.41666666666666663,0.7083333333333333,0,2,0.41666666666666663,0.7083333333333333,0,2
1,W2,0.33333333333333337,20,0.33333333333333337,0.6,0,2,0.33333333333333337,0.6,0,2
1,W3,0.7916666666666666,20,0.7916666666666666,0.7916666666666666,0,1,0.7916666666666666,0.7916666666666666,0,1
1,W4,0.8333333333333334,20,0.8333333333333334,0.8333333333333334,0,1,0.8333333333333334,0.8333333333333334,0,1
3,F1,0.7884615384615384,20,0.7884615384615384,0.7884615384615384,0,1,0.7884615384615384,0.7884615384615384,0,1
3,F2,0.7115384615384616,20,0.7115384615384616,0.7115384615384616,0,1,0.7115384615384616,0.7115384615384616,0,1
3,F3,0.32692307692307687,20,0.32692307692307687,0.32692307692307687,0,1,0.32692307692307687,0.32692307692307687,0,1
3,S1,0.8269230769230769,20,0.8269230769230769,0.8269230769230769,0,1,0.8269230769230769,0.8269230769230769,0,1
3,S2,0.5576923076923077,20,0.5576923076923077,0.5576923076923077,0,1,0.5576923076923077,0.5576923076923077,0,1
3,S3,0.25,20,0.25,0.25,0,1,0.25,0.25,0,1
3,W1,0.07692307692307687,20,0.07692307692307687,0.07692307692307687,0,1,0.07692307692307687,0.07692307692307687,0,1
3,W2,0.3846153846153846,20,0.3846153846153846,0.3846153846153846,0,1,0.3846153846153846,0.3846153846153846,0,1
3,W3,0.7884615384615384,20,0.7884615384615384,0.7884615384615384,0,1,0.7884615384615384,0.7884615384615384,0,1
4,F1,0.7391304347826086,20,0.679245283018868,0.7391304347826086,0,2,0.679245283018868,0.7391304347826086,0,2
4,F2,0.7391304347826086,20,0.7391304347826086,0.7391304347826086,0,1,0.7391304347826086,0.7391304347826086,0,1
4,F3,0.7924528301886793,20,0.782608695652174,0.7924528301886793,0,2,0.6739130434782609,0.7924528301886793,0,3
4,S1,0.7173913043478262,20,0.5869565217391304,0.7173913043478262,0,2,0.4782608695652174,0.7173913043478262,0,4
4,S2,0.4565217391304348,20,0.4565217391304348,0.4565217391304348,0,1,0.4565217391304348,0.4565217391304348,0,1
4,S3,0.6521739130434783,20,0.5217391304347826,0.6521739130434783,0,2,0.49056603773584906,0.6521739130434783,0,4
4,W1,0.9056603773584906,20,0.9056603773584906,0.9056603773584906,0,1,0.9056603773584906,0.9056603773584906,0,1
4,W2,0.8695652173913043,20,0.8695652173913043,0.8695652173913043,0,1,0.8695652173913043,0.8695652173913043,0,1
4,W3,0.4565217391304348,20,0.4565217391304348,0.4565217391304348,0,1,0.4565217391304348,0.4565217391304348,0,1
4,W4,0.5660377358490566,20,0.5660377358490566,0.5660377358490566,0,1,0.5660377358490566,0.5660377358490566,0,1
5,F1,0.9259259259259259,20,0.9259259259259259,0.9259259259259259,0,1,0.9259259259259259,0.9259259259259259,0,1
5,F2,0.5185185185185186,20,0.5185185185185186,0.5185185185185186,0,1,0.5185185185185186,0.5555555555555556,0,2
5,F3,0.962962962962963,20,0.962962962962963,0.962962962962963,0,1,0.962962962962963,0.962962962962963,0,1
5,S1,0.9259259259259259,20,0.9259259259259259,0.9259259259259259,0,1,0.9259259259259259,0.9259259259259259,0,1
5,S2,0.962962962962963,20,0.962962962962963,0.962962962962963,0,1,0.962962962962963,0.962962962962963,0,1
5,S3,0.962962962962963,20,0.962962962962963,0.962962962962963,0,1,0.962962962962963,0.962962962962963,0,1
5,W1,0.5925925925925926,20,0.5925925925925926,0.5925925925925926,0,1,0.5925925925925926,0.5925925925925926,0,1
5,W2,0.8518518518518519,20,0.8518518518518519,0.8518518518518519,0,1,0.8518518518518519,0.8888888888888888,0,2
5,W3,0.6666666666666667,20,0.6666666666666667,0.6666666666666667,0,1,0.6666666666666667,0.7391304347826086,0,2
10,F1,0.75,20,0.75,0.75,0,1,0.75,0.75,0,1
10,F2,0.7692307692307692,20,0.7692307692307692,0.7692307692307692,0,1,0.7692307692307692,0.7692307692307692,0,1
10,F3,0.75,20,0.75,0.75,0,1,0.75,0.75,0,1
10,S1,0.6923076923076923,20,0.6923076923076923,0.6923076923076923,0,1,0.6923076923076923,0.8,0,2
10,S2,0.8461538461538461,20,0.8461538461538461,0.8461538461538461,0,1,0.8461538461538461,0.9,0,2
10,S3,0.3076923076923077,20,0.3076923076923077,0.3076923076923077,0,1,0.3076923076923077,0.6923076923076923,0,3
10,W1,0.85,20,0.85,0.85,0,1,0.85,0.85,0,1
10,W2,0.15384615384615385,20,0.15384615384615385,0.15384615384615385,0,1,0.15384615384615385,0.15384615384615385,0,1
10,W3,0.35,20,0.35,0.35,0,1,0.35,0.35,0,1
11,F1,0.8695652173913043,20,0.8695652173913043,0.8695652173913043,0,1,0.8695652173913043,0.8695652173913043,0,1
11,F2,0.0,20,0.0,0.0,20,1,0.0,0.0,20,1
11,F3,0.4444444444444444,20,0.0,0.4444444444444444,9,2,0.0,0.4444444444444444,9,2
11,S1,0.0,20,0.0,0.0,20,1,0.0,0.0,20,1
11,S2,0.7058823529411764,20,0.7058823529411764,0.7058823529411764,0,1,0.7058823529411764,0.7058823529411764,0,1
11,S3,0.2941176470588235,20,0.2941176470588235,0.2941176470588235,0,1,0.2941176470588235,0.2941176470588235,0,1
11,S4,0.7647058823529411,20,0.7647058823529411,0.7647058823529411,0,1,0.7647058823529411,0.7647058823529411,0,1
11,W1,0.0,20,0.0,0.0,20,1,0.0,0.0,20,1
11,W2,0.5652173913043479,20,0.5652173913043479,0.5652173913043479,0,1,0.5652173913043479,0.5652173913043479,0,1
11,W3,0.0,20,0.0,0.0,20,1,0.0,0.0,20,1
13,F1,0.8648648648648649,20,0.8648648648648649,0.8648648648648649,0,1,0.6153846153846154,0.8648648648648649,0,2
13,F2,0.8918918918918919,20,0.8918918918918919,0.8918918918918919,0,1,0.6923076923076923,0.8918918918918919,0,3
13,F3,0.0,20,0.0,0.23076923076923073,11,2,0.0,0.43243243243243246,13,4
13,S1,0.8378378378378378,20,0.8378378378378378,0.8378378378378378,0,1,0.5384615384615384,0.8378378378378378,0,3
13,S2,0.6923076923076923,20,0.6923076923076923,0.7297297297297297,0,2,0.23076923076923073,0.7297297297297297,0,3
13,S3,0.7837837837837838,20,0.7837837837837838,0.7837837837837838,0,1,0.3846153846153846,0.7837837837837838,0,2
13,W1,0.21621621621621623,20,0.21621621621621623,0.21621621621621623,0,1,0.0,0.21621621621621623,3,2
13,W2,0.5384615384615384,20,0.5384615384615384,0.5384615384615384,0,1,0.5384615384615384,0.8378378378378378,0,2
13,W3,0.3076923076923077,20,0.3076923076923077,0.3076923076923077,0,1,0.3076923076923077,0.3076923076923077,0,1
16,F1,0.8809523809523809,20,0.8809523809523809,0.8809523809523809,0,1,0.8809523809523809,0.8809523809523809,0,1
16,F2,0.5714285714285714,20,0.5714285714285714,0.5714285714285714,0,1,0.5714285714285714,0.5714285714285714,0,1
16,F3,0.7380952380952381,20,0.7380952380952381,0.7857142857142857,0,2,0.7380952380952381,0.7857142857142857,0,3
16,F4,0.8809523809523809,20,0.8809523809523809,0.8809523809523809,0,1,0.8809523809523809,0.8809523809523809,0,1
16,S1,0.7380952380952381,20,0.7380952380952381,0.7380952380952381,0,1,0.7380952380952381,0.7857142857142857,0,2
16,S2,0.5952380952380952,20,0.5952380952380952,0.5952380952380952,0,1,0.5952380952380952,0.5952380952380952,0,1
16,S3,0.4285714285714286,20,0.4285714285714286,0.4285714285714286,0,1,0.4285714285714286,0.4285714285714286,0,1
16,W1,0.5,20,0.5,0.5,0,1,0.5,0.5,0,1
16,W2,0.8333333333333334,20,0.8333333333333334,0.8333333333333334,0,1,0.8333333333333334,0.8333333333333334,0,1
16,W3,0.0,20,0.0,0.5238095238095238,6,2,0.0,0.5238095238095238,17,2
17,F1,0.6428571428571428,20,0.6428571428571428,0.6428571428571428,0,1,0.5,0.6428571428571428,0,3
17,F2,0.2142857142857143,20,0.0714285714285714,0.2142857142857143,0,2,0.0,0.2142857142857143,1,4
17,F3,0.0,20,0.0,0.1785714285714286,10,3,0.0,0.1785714285714286,12,3
17,S1,0.3571428571428571,20,0.3571428571428571,0.3571428571428571,0,1,0.2142857142857143,0.3571428571428571,0,2
17,S2,0.8214285714285714,20,0.8214285714285714,0.8214285714285714,0,1,0.8214285714285714,0.8571428571428572,0,2
17,S3,0.5714285714285714,20,0.5714285714285714,0.5714285714285714,0,1,0.4285714285714286,0.5714285714285714,0,3
17,S4,0.7857142857142857,20,0.7857142857142857,0.7857142857142857,0,1,0.7857142857142857,0.8571428571428572,0,2
17,W1,0.3571428571428571,20,0.3571428571428571,0.3571428571428571,0,1,0.3571428571428571,0.4285714285714286,0,2
17,W2,0.7142857142857143,20,0.7142857142857143,0.7142857142857143,0,1,0.2857142857142857,0.7142857142857143,0,3
17,W3,0.2142857142857143,20,0.2142857142857143,0.3928571428571429,0,2,0.2142857142857143,0.3928571428571429,0,2
17,W4,0.2142857142857143,20,0.2142857142857143,0.2142857142857143,0,1,0.0,0.3214285714285714,1,4
19,F1,0.5882352941176471,20,0.5294117647058824,0.5882352941176471,0,2,0.5294117647058824,0.5882352941176471,0,2
19,F2,0.7647058823529411,20,0.7647058823529411,0.8235294117647058,0,2,0.7647058823529411,0.8235294117647058,0,2
19,F3,0.8823529411764706,20,0.8823529411764706,0.8823529411764706,0,1,0.8823529411764706,0.8823529411764706,0,1
19,F4,0.9411764705882353,20,0.9411764705882353,0.9411764705882353,0,1,0.9411764705882353,0.9411764705882353,0,1
19,S1,0.9411764705882353,20,0.9411764705882353,0.9411764705882353,0,1,0.9411764705882353,0.9411764705882353,0,1
19,S2,0.8235294117647058,20,0.7647058823529411,0.8235294117647058,0,2,0.7647058823529411,0.8235294117647058,0,2
19,S3,0.5882352941176471,20,0.5882352941176471,0.6470588235294117,0,2,0.5882352941176471,0.6470588235294117,0,2
19,S4,0.6470588235294117,20,0.6470588235294117,0.7058823529411764,0,2,0.6470588235294117,0.7058823529411764,0,2
19,W1,0.8235294117647058,20,0.8235294117647058,0.8823529411764706,0,2,0.8235294117647058,0.8823529411764706,0,2
19,W2,0.7647058823529411,20,0.7647058823529411,0.7647058823529411,0,1,0.7647058823529411,0.7647058823529411,0,1
19,W3,0.5,20,0.5,0.5882352941176471,0,2,0.5,0.5882352941176471,0,2
19,W4,0.5882352941176471,20,0.5882352941176471,0.5882352941176471,0,1,0.5882352941176471,0.5882352941176471,0,1
23,F1,0.33333333333333337,20,0.33333333333333337,0.33333333333333337,0,1,0.33333333333333337,0.33333333333333337,0,1
23,F2,0.6428571428571428,20,0.6428571428571428,0.6428571428571428,0,1,0.6428571428571428,0.7380952380952381,0,2
23,F3,0.1428571428571429,20,0.1428571428571429,0.1428571428571429,0,1,0.0,0.1428571428571429,1,2
23,S1,0.40476190476190477,20,0.40476190476190477,0.40476190476190477,0,1,0.40476190476190477,0.40476190476190477,0,1
23,S2,0.023809523809523836,20,0.023809523809523836,0.023809523809523836,0,1,0.023809523809523836,0.023809523809523836,0,1
23,S3,0.0,20,0.0,0.0,20,1,0.0,0.0,20,1
23,W1,0.5476190476190477,20,0.5476190476190477,0.5476190476190477,0,1,0.5476190476190477,0.5476190476190477,0,1
23,W2,0.29166666666666663,20,0.29166666666666663,0.29166666666666663,0,1,0.29166666666666663,0.41666666666666663,0,2
23,W3,0.8378378378378378,20,0.75,0.8378378378378378,0,2,0.75,0.8378378378378378,0,2
27,F1,0.5094339622641509,20,0.5094339622641509,0.5094339622641509,0,1,0.47619047619047616,0.5094339622641509,0,2
27,F2,0.339622641509434,20,0.339622641509434,0.339622641509434,0,1,0.339622641509434,0.3584905660377359,0,2
27,F3,0.4716981132075472,20,0.4716981132075472,0.49056603773584906,0,2,0.4716981132075472,0.5094339622641509,0,3
27,S1,0.7547169811320755,20,0.7547169811320755,0.7547169811320755,0,1,0.7547169811320755,0.7547169811320755,0,1
27,S2,0.4339622641509434,20,0.4339622641509434,0.4339622641509434,0,1,0.4339622641509434,0.4528301886792453,0,2
27,S3,0.8301886792452831,20,0.8301886792452831,0.8301886792452831,0,1,0.8301886792452831,0.8490566037735849,0,2
27,S4,0.679245283018868,20,0.679245283018868,0.679245283018868,0,1,0.679245283018868,0.679245283018868,0,1
27,W1,0.7169811320754718,20,0.7169811320754718,0.7169811320754718,0,1,0.7169811320754718,0.7358490566037736,0,2
27,W2,0.7924528301886793,20,0.7924528301886793,0.7924528301886793,0,1,0.7924528301886793,0.7924528301886793,0,1
27,W3,0.5849056603773585,20,0.5849056603773585,0.5849056603773585,0,1,0.5849056603773585,0.5849056603773585,0,1
27,W4,0.5094339622641509,20,0.5094339622641509,0.5094339622641509,0,1,0.5094339622641509,0.5094339622641509,0,1
28,F1,0.0,20,0.0,0.0,20,1,0.0,0.5892857142857143,16,3
28,F2,0.33333333333333337,20,0.33333333333333337,0.33333333333333337,0,1,0.33333333333333337,0.7678571428571428,0,2
28,F3,0.0,20,0.0,0.0,20,1,0.0,0.2142857142857143,18,3
28,S1,0.5555555555555556,20,0.5555555555555556,0.5555555555555556,0,1,0.5555555555555556,0.5555555555555556,0,1
28,S2,0.0,20,0.0,0.0,20,1,0.0,0.0,20,1
28,S3,0.40740740740740744,20,0.40740740740740744,0.40740740740740744,0,1,0.40740740740740744,0.40740740740740744,0,1
28,W1,0.75,20,0.75,0.75,0,1,0.75,0.75,0,1
28,W2,0.0,20,0.0,0.0,20,1,0.0,0.0,20,1
28,W3,0.3928571428571429,20,0.3928571428571429,0.3928571428571429,0,1,0.0,0.3928571428571429,4,2
29,F1,0.0,20,0.0,0.0,20,1,0.0,0.0,20,1
29,F2,0.339622641509434,20,0.339622641509434,0.339622641509434,0,1,0.339622641509434,0.339622641509434,0,1
29,F3,0.7358490566037736,20,0.7358490566037736,0.7358490566037736,0,1,0.7358490566037736,0.7358490566037736,0,1
29,S1,0.339622641509434,20,0.339622641509434,0.339622641509434,0,1,0.0,0.339622641509434,1,2
29,S2,0.5660377358490566,20,0.5660377358490566,0.5660377358490566,0,1,0.5660377358490566,0.6981132075471699,0,2
29,S3,0.6415094339622642,20,0.6415094339622642,0.6415094339622642,0,1,0.6415094339622642,0.6415094339622642,0,1
29,W1,0.6603773584905661,20,0.6603773584905661,0.6603773584905661,0,1,0.6603773584905661,0.6603773584905661,0,1
29,W2,0.6981132075471699,20,0.6981132075471699,0.6981132075471699,0,1,0.6981132075471699,0.6981132075471699,0,1
29,W3,0.2857142857142857,20,0.2857142857142857,0.2857142857142857,0,1,0.2857142857142857,0.2857142857142857,0,1
29,W4,0.0,20,0.0,0.33333333333333337,9,2,0.0,0.33333333333333337,11,2
30,F1,0.33333333333333337,20,0.33333333333333337,0.5416666666666667,0,2,0.33333333333333337,0.5416666666666667,0,2
30,F2,0.8125,20,0.7272727272727273,0.8125,0,2,0.7272727272727273,0.8125,0,2
30,F3,0.33333333333333337,20,0.33333333333333337,0.5416666666666667,0,2,0.33333333333333337,0.5416666666666667,0,2
30,S1,0.8333333333333334,20,0.7575757575757576,0.8333333333333334,0,2,0.7575757575757576,0.8333333333333334,0,2
30,S2,0.4545454545454546,20,0.0,0.45833333333333337,7,6,0.0,0.45833333333333337,6,6
30,S3,0.5,20,0.06060606060606055,0.5,0,5,0.06060606060606055,0.5,0,6
30,W1,0.7878787878787878,20,0.7878787878787878,0.8541666666666666,0,2,0.7878787878787878,0.8541666666666666,0,2
30,W2,0.48484848484848486,20,0.4375,0.48484848484848486,0,2,0.4375,0.48484848484848486,0,2
30,W3,0.2727272727272727,20,0.0,0.5,9,3,0.0,0.5,10,3
30,W4,0.6363636363636364,20,0.6363636363636364,0.75,0,2,0.6363636363636364,0.75,0,2
31,F1,0.3214285714285714,20,0.25806451612903225,0.3214285714285714,0,2,0.25806451612903225,0.32258064516129037,0,3
31,F2,0.935483870967742,20,0.935483870967742,0.935483870967742,0,1,0.935483870967742,0.935483870967742,0,1
31,F3,0.5161290322580645,20,0.5161290322580645,0.5161290322580645,0,1,0.5161290322580645,0.5161290322580645,0,1
31,S1,0.4193548387096774,20,0.25806451612903225,0.4193548387096774,0,2,0.1785714285714286,0.4193548387096774,0,3
31,S2,0.5357142857142857,20,0.25806451612903225,0.5357142857142857,0,3,0.25806451612903225,0.5357142857142857,0,3
31,S3,0.7741935483870968,20,0.7741935483870968,0.7741935483870968,0,1,0.7741935483870968,0.8064516129032258,0,2
31,W1,0.8064516129032258,20,0.8064516129032258,0.8064516129032258,0,1,0.7096774193548387,0.8064516129032258,0,2
31,W2,0.5357142857142857,20,0.5357142857142857,0.5357142857142857,0,1,0.4838709677419355,0.5357142857142857,0,2
31,W3,0.8709677419354839,20,0.8709677419354839,0.8709677419354839,0,1,0.8709677419354839,0.8709677419354839,0,1
31,W4,0.3870967741935484,20,0.3870967741935484,0.3870967741935484,0,1,0.3870967741935484,0.3870967741935484,0,1
32,F1,0.9024390243902439,20,0.9024390243902439,0.9024390243902439,0,1,0.8888888888888888,0.9024390243902439,0,2
32,F2,0.975609756097561,20,0.975609756097561,0.975609756097561,0,1,0.962962962962963,0.975609756097561,0,2
32,F3,0.7073170731707317,20,0.7073170731707317,0.7777777777777778,0,2,0.7073170731707317,0.7777777777777778,0,2
32,F4,0.9024390243902439,20,0.9024390243902439,0.9024390243902439,0,1,0.8888888888888888,0.9024390243902439,0,2
32,S1,0.3902439024390244,20,0.33333333333333337,0.3902439024390244,0,2,0.33333333333333337,0.3902439024390244,0,2
32,S2,0.8292682926829268,20,0.8292682926829268,0.8292682926829268,0,1,0.7777777777777778,0.8292682926829268,0,2
32,S3,0.926829268292683,20,0.926829268292683,0.926829268292683,0,1,0.8888888888888888,0.926829268292683,0,2
32,S4,0.5853658536585367,20,0.40740740740740744,0.5853658536585367,0,2,0.40740740740740744,0.5853658536585367,0,2
32,W1,0.8888888888888888,20,0.8888888888888888,0.8888888888888888,0,1,0.7407407407407407,0.8888888888888888,0,2
32,W2,0.39473684210526316,20,0.0,0.39473684210526316,10,2,0.0,0.39473684210526316,9,2
32,W3,0.29268292682926833,20,0.29268292682926833,0.29268292682926833,0,1,0.29268292682926833,0.36585365853658536,0,2
32,W4,0.8888888888888888,20,0.8888888888888888,0.8888888888888888,0,1,0.8888888888888888,0.8888888888888888,0,1
33,F1,0.08333333333333337,20,0.08333333333333337,0.08333333333333337,0,1,0.08333333333333337,0.08333333333333337,0,1
33,F2,0.25,20,0.25,0.25,0,1,0.25,0.25,0,1
33,F3,0.6666666666666667,20,0.6666666666666667,0.6666666666666667,0,1,0.6666666666666667,0.6666666666666667,0,1
33,F4,0.6666666666666667,20,0.6666666666666667,0.6666666666666667,0,1,0.6666666666666667,0.6666666666666667,0,1
33,S1,0.0,20,0.0,0.0,20,1,0.0,0.0,20,1
33,S2,0.0,20,0.0,0.0,20,1,0.0,0.0,20,1
33,S3,0.0,20,0.0,0.0,20,1,0.0,0.0,20,1
33,W1,0.0,20,0.0,0.0,20,1,0.0,0.0,20,1
33,W2,0.75,20,0.75,0.75,0,1,0.75,0.75,0,1
33,W3,0.0,20,0.0,0.0,20,1,0.0,0.0,20,1
33,W4,0.0,20,0.0,0.0,20,1,0.0,0.0,20,1
34,F1,0.7142857142857143,20,0.7142857142857143,0.7142857142857143,0,1,0.7142857142857143,0.7142857142857143,0,1
34,F2,0.7142857142857143,20,0.7142857142857143,0.7142857142857143,0,1,0.7142857142857143,0.7142857142857143,0,1
34,F3,0.2142857142857143,20,0.2142857142857143,0.2142857142857143,0,1,0.2142857142857143,0.2142857142857143,0,1
34,F4,0.7380952380952381,20,0.7380952380952381,0.7380952380952381,0,1,0.7380952380952381,0.7380952380952381,0,1
34,S1,0.45238095238095233,20,0.45238095238095233,0.45238095238095233,0,1,0.45238095238095233,0.45238095238095233,0,1
34,S2,0.30952380952380953,20,0.30952380952380953,0.30952380952380953,0,1,0.30952380952380953,0.30952380952380953,0,1
34,S3,0.7142857142857143,20,0.7142857142857143,0.7142857142857143,0,1,0.7142857142857143,0.7142857142857143,0,1
34,W1,0.6190476190476191,20,0.6190476190476191,0.6190476190476191,0,1,0.6190476190476191,0.6190476190476191,0,1
34,W2,0.7619047619047619,20,0.7619047619047619,0.7619047619047619,0,1,0.7619047619047619,0.7619047619047619,0,1
34,W3,0.40476190476190477,20,0.40476190476190477,0.40476190476190477,0,1,0.40476190476190477,0.40476190476190477,0,1
34,W4,0.5238095238095238,20,0.5238095238095238,0.5238095238095238,0,1,0.5238095238095238,0.5238095238095238,0,1
36,F1,0.0,20,0.0,0.0,20,1,0.0,0.0,20,1
36,F2,0.8833333333333333,20,0.5882352941176471,0.8833333333333333,0,3,0.5882352941176471,0.8833333333333333,0,3
36,F3,0.7,20,0.0,0.7,6,3,0.0,0.7,5,3
36,S1,0.7,20,0.0,0.7,8,2,0.0,0.7,9,2
36,S2,0.8235294117647058,20,0.4117647058823529,0.8333333333333334,0,3,0.4117647058823529,0.8333333333333334,0,3
36,S3,0.7666666666666666,20,0.0,0.7666666666666666,9,2,0.0,0.7666666666666666,11,2
36,W1,0.8166666666666667,20,0.3529411764705882,0.8166666666666667,0,2,0.3529411764705882,0.8166666666666667,0,2
36,W2,0.33333333333333337,20,0.0,0.33333333333333337,5,3,0.0,0.33333333333333337,8,3
36,W3,0.0,20,0.0,0.5,17,2,0.0,0.5,18,2
37,F1,0.7021276595744681,20,0.7021276595744681,0.7021276595744681,0,1,0.7021276595744681,0.7021276595744681,0,1
37,F2,0.6808510638297872,20,0.6808510638297872,0.6808510638297872,0,1,0.6808510638297872,0.6808510638297872,0,1
37,F3,0.07692307692307687,20,0.07692307692307687,0.07692307692307687,0,1,0.07692307692307687,0.7446808510638299,0,2
37,F4,0.7659574468085106,20,0.7659574468085106,0.7659574468085106,0,1,0.7659574468085106,0.7659574468085106,0,1
37,S1,0.8936170212765957,20,0.8936170212765957,0.8936170212765957,0,1,0.8936170212765957,0.8936170212765957,0,1
37,S2,0.9361702127659575,20,0.9361702127659575,0.9361702127659575,0,1,0.9361702127659575,0.9361702127659575,0,1
37,S3,0.5531914893617021,20,0.5531914893617021,0.5531914893617021,0,1,0.5531914893617021,0.5531914893617021,0,1
37,S4,0.6595744680851063,20,0.6595744680851063,0.6595744680851063,0,1,0.5957446808510638,0.6595744680851063,0,2
37,W1,0.6382978723404256,20,0.6382978723404256,0.6382978723404256,0,1,0.6382978723404256,0.6382978723404256,0,1
37,W2,0.7692307692307692,20,0.7692307692307692,0.7692307692307692,0,1,0.7692307692307692,0.9361702127659575,0,2
37,W3,0.851063829787234,20,0.851063829787234,0.851063829787234,0,1,0.851063829787234,0.851063829787234,0,1
38,F1,0.8372093023255813,20,0.8372093023255813,0.8372093023255813,0,1,0.8372093023255813,0.8372093023255813,0,1
38,F2,0.023255813953488413,20,0.023255813953488413,0.023255813953488413,0,1,0.023255813953488413,0.023255813953488413,0,1
38,F3,0.627906976744186,20,0.627906976744186,0.627906976744186,0,1,0.627906976744186,0.627906976744186,0,1
38,F4,0.11627906976744184,20,0.11627906976744184,0.11627906976744184,0,1,0.11627906976744184,0.11627906976744184,0,1
38,S1,0.0,20,0.0,0.0,20,1,0.0,0.0,20,1
38,S2,0.2790697674418605,20,0.2790697674418605,0.2790697674418605,0,1,0.2790697674418605,0.2790697674418605,0,1
38,S3,0.813953488372093,20,0.813953488372093,0.813953488372093,0,1,0.813953488372093,0.813953488372093,0,1
38,S4,0.2325581395348837,20,0.2325581395348837,0.2325581395348837,0,1,0.2325581395348837,0.2325581395348837,0,1
38,W1,0.13953488372093026,20,0.13953488372093026,0.13953488372093026,0,1,0.13953488372093026,0.3023255813953488,0,2
38,W2,0.13953488372093026,20,0.13953488372093026,0.13953488372093026,0,1,0.13953488372093026,0.13953488372093026,0,1
38,W3,0.7441860465116279,20,0.7441860465116279,0.7441860465116279,0,1,0.7441860465116279,0.7441860465116279,0,1
38,W4,0.8604651162790697,20,0.8604651162790697,0.8604651162790697,0,1,0.8604651162790697,0.8604651162790697,0,1
39,F1,0.44999999999999996,20,0.44999999999999996,0.44999999999999996,0,1,0.44999999999999996,0.44999999999999996,0,1
39,F2,0.6,20,0.6,0.6,0,1,0.6,0.6,0,1
39,F3,0.9,20,0.9,0.9,0,1,0.9,0.9,0,1
39,F4,0.85,20,0.85,0.85,0,1,0.85,0.85,0,1
39,S1,0.95,20,0.95,0.95,0,1,0.95,0.95,0,1
39,S2,0.6,20,0.6,0.6,0,1,0.6,0.6,0,1
39,S3,0.85,20,0.85,0.85,0,1,0.85,0.85,0,1
39,W1,0.9,20,0.9,0.9,0,1,0.9,0.9,0,1
39,W2,0.5,20,0.5,0.5,0,1,0.5,0.5,0,1
39,W3,0.9,20,0.9,0.9,0,1,0.9,0.9,0,1
44,F1,0.5964912280701755,20,0.5964912280701755,0.5964912280701755,0,1,0.5964912280701755,0.6666666666666667,0,2
44,F2,0.8070175438596492,20,0.8070175438596492,0.8070175438596492,0,1,0.8070175438596492,0.8666666666666667,0,2
44,F3,0.8070175438596492,20,0.8070175438596492,0.8070175438596492,0,1,0.8070175438596492,0.8070175438596492,0,1
44,S1,0.5333333333333333,20,0.5333333333333333,0.631578947368421,0,2,0.5333333333333333,0.7017543859649122,0,4
44,S2,0.6666666666666667,20,0.6666666666666667,0.7017543859649122,0,2,0.631578947368421,0.7543859649122807,0,5
44,S3,0.8245614035087719,20,0.8245614035087719,0.8245614035087719,0,1,0.8245614035087719,0.8245614035087719,0,1
44,S4,0.33333333333333337,20,0.33333333333333337,0.5263157894736843,0,2,0.33333333333333337,0.5263157894736843,0,3
44,W1,0.8070175438596492,20,0.8070175438596492,0.8070175438596492,0,1,0.8070175438596492,0.8070175438596492,0,1
44,W2,0.56,20,0.0,0.56,11,4,0.0,0.56,10,4
44,W3,0.8421052631578947,20,0.8421052631578947,0.8421052631578947,0,1,0.7,0.8421052631578947,0,2
44,W4,0.4385964912280702,20,0.4385964912280702,0.4385964912280702,0,1,0.4385964912280702,0.4385964912280702,0,1
45,F1,0.84,20,0.84,0.84,0,1,0.76,0.84,0,2
45,F2,0.7636363636363637,20,0.7636363636363637,0.7636363636363637,0,1,0.31999999999999995,0.7636363636363637,0,3
45,F3,0.6666666666666667,20,0.6666666666666667,0.6666666666666667,0,1,0.16000000000000003,0.6666666666666667,0,3
45,F4,0.84,20,0.84,0.84,0,1,0.84,0.84,0,1
45,S1,0.7636363636363637,20,0.7636363636363637,0.7636363636363637,0,1,0.28,0.7636363636363637,0,2
45,S2,0.0,20,0.0,0.09090909090909094,9,2,0.0,0.16000000000000003,9,4
45,S3,0.84,20,0.84,0.84,0,1,0.6,0.84,0,2
45,W1,0.0,20,0.0,0.0,20,1,0.0,0.0,20,1
45,W2,0.6181818181818182,20,0.6181818181818182,0.6181818181818182,0,1,0.6181818181818182,0.6181818181818182,0,1
45,W3,0.84,20,0.84,0.84,0,1,0.84,0.84,0,1
46,F1,0.8103448275862069,20,0.8103448275862069,0.8103448275862069,0,1,0.8103448275862069,0.8103448275862069,0,1
46,F2,0.8103448275862069,20,0.8103448275862069,0.8103448275862069,0,1,0.8103448275862069,0.8103448275862069,0,1
46,F3,0.8620689655172413,20,0.8620689655172413,0.8620689655172413,0,1,0.8620689655172413,0.8620689655172413,0,1
46,F4,0.2068965517241379,20,0.2068965517241379,0.2068965517241379,0,1,0.2068965517241379,0.2068965517241379,0,1
46,S1,0.603448275862069,20,0.603448275862069,0.603448275862069,0,1,0.603448275862069,0.603448275862069,0,1
46,S2,0.8103448275862069,20,0.7586206896551724,0.8103448275862069,0,2,0.7586206896551724,0.8103448275862069,0,2
46,S3,0.8793103448275862,20,0.8793103448275862,0.8793103448275862,0,1,0.8793103448275862,0.8793103448275862,0,1
46,S4,0.8793103448275862,20,0.8793103448275862,0.8793103448275862,0,1,0.8793103448275862,0.8793103448275862,0,1
46,W1,0.19047619047619047,20,0.19047619047619047,0.19047619047619047,0,1,0.19047619047619047,0.603448275862069,0,2
46,W2,0.6551724137931034,20,0.6551724137931034,0.6551724137931034,0,1,0.6551724137931034,0.6551724137931034,0,1
46,W3,0.5862068965517242,20,0.5862068965517242,0.5862068965517242,0,1,0.5862068965517242,0.5862068965517242,0,1
47,F1,0.6,20,0.6,0.6,0,1,0.0,0.6,1,3
47,F2,0.75,20,0.75,0.75,0,1,0.5833333333333333,0.75,0,2
47,F3,0.55,20,0.55,0.55,0,1,0.25,0.6,0,4
47,S1,0.9,20,0.9,0.9,0,1,0.8333333333333334,0.9,0,2
47,S2,0.6,20,0.6,0.6,0,1,0.44999999999999996,0.6,0,2
47,S3,0.55,20,0.55,0.6,0,2,0.25,0.6,0,4
47,W1,0.8,20,0.8,0.8,0,1,0.6666666666666667,0.8,0,2
47,W2,0.55,20,0.55,0.55,0,1,0.55,0.5833333333333333,0,2
47,W3,0.5833333333333333,20,0.5833333333333333,0.5833333333333333,0,1,0.5833333333333333,0.5833333333333333,0,1
50,F1,0.25,20,0.0,0.25,8,2,0.0,0.537037037037037,10,5
50,F2,0.736842105263158,20,0.25,0.7777777777777778,0,3,0.25,0.7777777777777778,0,3
50,F3,0.45614035087719296,20,0.0,0.45614035087719296,11,3,0.0,0.45614035087719296,11,3
50,S1,0.6842105263157895,20,0.09999999999999998,0.7777777777777778,0,4,0.09999999999999998,0.7777777777777778,0,5
50,S2,0.44999999999999996,20,0.0,0.44999999999999996,14,2,0.0,0.6111111111111112,11,6
50,S3,0.25,20,0.0,0.25,13,3,0.0,0.25,15,4
50,W1,0.7777777777777778,20,0.7777777777777778,0.7777777777777778,0,1,0.7777777777777778,0.7777777777777778,0,1
50,W2,0.0,20,0.0,0.0,20,1,0.0,0.0,20,1
50,W3,0.7222222222222222,20,0.7222222222222222,0.7222222222222222,0,1,0.7222222222222222,0.7222222222222222,0,1
52,F1,0.7142857142857143,20,0.4,0.7142857142857143,0,2,0.4,0.7142857142857143,0,2
52,F2,0.72,20,0.7142857142857143,0.72,0,2,0.7142857142857143,0.72,0,2
52,F3,0.7142857142857143,20,0.52,0.72,0,3,0.52,0.72,0,3
52,F4,0.0,20,0.0,0.31999999999999995,6,2,0.0,0.36,7,3
52,S1,0.96,20,0.96,0.9642857142857143,0,2,0.96,0.9642857142857143,0,2
52,S2,0.28,20,0.28,0.6,0,2,0.28,0.6,0,2
52,S3,0.7142857142857143,20,0.7142857142857143,0.72,0,2,0.7142857142857143,0.72,0,2
52,S4,0.8,20,0.8,0.8214285714285714,0,2,0.8,0.8214285714285714,0,2
52,W1,0.7142857142857143,20,0.4,0.7142857142857143,0,3,0.4,0.7142857142857143,0,3
52,W2,0.7142857142857143,20,0.7142857142857143,0.7142857142857143,0,1,0.7142857142857143,0.7142857142857143,0,1
52,W3,0.7142857142857143,20,0.4642857142857143,0.7142857142857143,0,2,0.4642857142857143,0.7142857142857143,0,2
52,W4,0.7857142857142857,20,0.76,0.7857142857142857,0,2,0.76,0.7857142857142857,0,2
54,F1,0.7407407407407407,20,0.7407407407407407,0.7407407407407407,0,1,0.7407407407407407,0.7407407407407407,0,1
54,F2,0.537037037037037,20,0.537037037037037,0.537037037037037,0,1,0.537037037037037,0.537037037037037,0,1
54,F3,0.6666666666666667,20,0.6666666666666667,0.6666666666666667,0,1,0.6666666666666667,0.6666666666666667,0,1
54,S1,0.42592592592592593,20,0.42592592592592593,0.42592592592592593,0,1,0.42592592592592593,0.42592592592592593,0,1
54,S2,0.7222222222222222,20,0.7222222222222222,0.7222222222222222,0,1,0.7222222222222222,0.7222222222222222,0,1
54,S3,0.7962962962962963,20,0.7962962962962963,0.7962962962962963,0,1,0.7962962962962963,0.7962962962962963,0,1
54,S4,0.8518518518518519,20,0.8518518518518519,0.8518518518518519,0,1,0.8518518518518519,0.8518518518518519,0,1
54,W1,0.9259259259259259,20,0.9259259259259259,0.9259259259259259,0,1,0.9259259259259259,0.9259259259259259,0,1
54,W2,0.9814814814814815,20,0.9814814814814815,0.9814814814814815,0,1,0.9814814814814815,0.9814814814814815,0,1
54,W3,0.6666666666666667,20,0.6666666666666667,0.6666666666666667,0,1,0.6666666666666667,0.6666666666666667,0,1
54,W4,0.6666666666666667,20,0.6666666666666667,0.6666666666666667,0,1,0.6666666666666667,0.6666666666666667,0,1
57,F1,0.7083333333333333,20,0.7083333333333333,0.7083333333333333,0,1,0.7083333333333333,0.7083333333333333,0,1
57,F2,0.7931034482758621,20,0.6666666666666667,0.7931034482758621,0,2,0.6666666666666667,0.7931034482758621,0,2
57,F3,0.20833333333333337,20,0.20833333333333337,0.20833333333333337,0,1,0.20833333333333337,0.20833333333333337,0,1
57,S1,0.0,20,0.0,0.0,20,1,0.0,0.0,20,1
57,S2,0.35416666666666663,20,0.35416666666666663,0.35416666666666663,0,1,0.35416666666666663,0.6551724137931034,0,3
57,S3,0.7291666666666667,20,0.7291666666666667,0.7291666666666667,0,1,0.7291666666666667,0.7291666666666667,0,1
57,W1,0.48275862068965514,20,0.29166666666666663,0.48275862068965514,0,2,0.29166666666666663,0.48275862068965514,0,2
57,W2,0.16666666666666663,20,0.16666666666666663,0.16666666666666663,0,1,0.16666666666666663,0.16666666666666663,0,1
57,W3,0.6551724137931034,20,0.5,0.6551724137931034,0,2,0.5,0.6551724137931034,0,2
58,F1,0.21739130434782605,20,0.21739130434782605,0.4565217391304348,0,2,0.21739130434782605,0.4565217391304348,0,2
58,F2,0.8260869565217391,20,0.8260869565217391,0.8260869565217391,0,1,0.8260869565217391,0.8260869565217391,0,1
58,F3,0.4782608695652174,20,0.4782608695652174,0.4782608695652174,0,1,0.4782608695652174,0.4782608695652174,0,1
58,F4,0.8913043478260869,20,0.8913043478260869,0.8913043478260869,0,1,0.8913043478260869,0.8913043478260869,0,1
58,S1,0.34782608695652173,20,0.34782608695652173,0.34782608695652173,0,1,0.34782608695652173,0.34782608695652173,0,1
58,S2,0.021739130434782594,20,0.0,0.021739130434782594,10,2,0.0,0.3913043478260869,13,3
58,S3,0.6739130434782609,20,0.6739130434782609,0.6739130434782609,0,1,0.6739130434782609,0.6739130434782609,0,1
58,W1,0.0,20,0.0,0.0,20,1,0.0,0.0,20,1
58,W2,0.33333333333333337,20,0.08695652173913049,0.33333333333333337,0,2,0.08695652173913049,0.33333333333333337,0,2
58,W3,0.8260869565217391,20,0.7391304347826086,0.8260869565217391,0,2,0.7391304347826086,0.8260869565217391,0,2
60,F1,0.5869565217391304,20,0.5869565217391304,0.5869565217391304,0,1,0.5869565217391304,0.5869565217391304,0,1
60,F2,0.5217391304347826,20,0.5217391304347826,0.5217391304347826,0,1,0.5217391304347826,0.5217391304347826,0,1
60,F3,0.7173913043478262,20,0.7173913043478262,0.7173913043478262,0,1,0.7173913043478262,0.7173913043478262,0,1
60,F4,0.8043478260869565,20,0.8043478260869565,0.8043478260869565,0,1,0.8043478260869565,0.8043478260869565,0,1
60,S1,0.8913043478260869,20,0.8913043478260869,0.8913043478260869,0,1,0.8913043478260869,0.8913043478260869,0,1
60,S2,0.5,20,0.21739130434782605,0.5,0,2,0.21739130434782605,0.5,0,2
60,S3,0.3913043478260869,20,0.3913043478260869,0.5,0,2,0.3913043478260869,0.5,0,2
60,W1,0.3214285714285714,20,0.3214285714285714,0.3214285714285714,0,1,0.0,0.3214285714285714,3,2
60,W2,0.6956521739130435,20,0.6956521739130435,0.6956521739130435,0,1,0.6956521739130435,0.6956521739130435,0,1
60,W3,0.5,20,0.10869565217391308,0.5,0,2,0.10869565217391308,0.5,0,2
61,F1,0.31818181818181823,20,0.31818181818181823,0.31818181818181823,0,1,0.31818181818181823,0.31818181818181823,0,1
61,F2,0.6363636363636364,20,0.6363636363636364,0.6363636363636364,0,1,0.6363636363636364,0.6363636363636364,0,1
61,F3,0.045454545454545414,20,0.045454545454545414,0.045454545454545414,0,1,0.045454545454545414,0.045454545454545414,0,1
61,S1,0.0,20,0.0,0.0,20,1,0.0,0.0,20,1
61,S2,0.7272727272727273,20,0.7272727272727273,0.7272727272727273,0,1,0.7272727272727273,0.7272727272727273,0,1
61,S3,0.2272727272727273,20,0.2272727272727273,0.2272727272727273,0,1,0.2272727272727273,0.2272727272727273,0,1
61,W1,0.0,20,0.0,0.0,20,1,0.0,0.0,20,1
61,W2,0.0,20,0.0,0.0,20,1,0.0,0.0,20,1
61,W3,0.2272727272727273,20,0.2272727272727273,0.2272727272727273,0,1,0.2272727272727273,0.2272727272727273,0,1
63,F1,0.30952380952380953,20,0.275,0.30952380952380953,0,2,0.275,0.3571428571428571,0,3
63,F2,0.2857142857142857,20,0.25,0.575,0,4,0.25,0.47619047619047616,0,4
63,F3,0.0,20,0.0,0.2142857142857143,19,2,0.0,0.375,14,6
63,F4,0.0,20,0.0,0.38095238095238093,15,3,0.0,0.38095238095238093,18,2
63,S1,0.45238095238095233,20,0.42500000000000004,0.45238095238095233,0,2,0.42500000000000004,0.575,0,3
63,S2,0.55,20,0.55,0.5714285714285714,0,2,0.55,0.7619047619047619,0,4
63,S3,0.15000000000000002,20,0.15000000000000002,0.2142857142857143,0,4,0.15000000000000002,0.22499999999999998,0,5
63,S4,0.0,20,0.0,0.2142857142857143,18,3,0.0,0.22499999999999998,14,5
63,W1,0.125,20,0.0,0.125,10,2,0.0,0.17500000000000004,12,4
63,W2,0.0,20,0.0,0.3571428571428571,13,2,0.0,0.3571428571428571,13,3
63,W3,0.17500000000000004,20,0.0,0.2142857142857143,16,3,0.0,0.2142857142857143,12,3
67,F1,0.9423076923076923,20,0.9423076923076923,0.9423076923076923,0,1,0.9423076923076923,0.9423076923076923,0,1
67,F2,0.5192307692307692,20,0.5192307692307692,0.5192307692307692,0,1,0.5192307692307692,0.5192307692307692,0,1
67,F3,0.8461538461538461,20,0.8461538461538461,0.8461538461538461,0,1,0.8461538461538461,0.8461538461538461,0,1
67,S1,0.9615384615384616,20,0.9615384615384616,0.9615384615384616,0,1,0.9285714285714286,0.9615384615384616,0,2
67,S2,0.21153846153846156,20,0.21153846153846156,0.46153846153846156,0,2,0.21153846153846156,0.4807692307692307,0,3
67,S3,0.75,20,0.75,0.75,0,1,0.5357142857142857,0.75,0,2
67,W1,0.25,20,0.25,0.25,0,1,0.25,0.6730769230769231,0,3
67,W2,0.8461538461538461,20,0.8461538461538461,0.8461538461538461,0,1,0.8461538461538461,0.8461538461538461,0,1
67,W3,0.6346153846153846,20,0.6346153846153846,0.6346153846153846,0,1,0.6346153846153846,0.6346153846153846,0,1
68,F1,0.6833333333333333,20,0.6833333333333333,0.6833333333333333,0,1,0.6833333333333333,0.6833333333333333,0,1
68,F2,0.3125,20,0.3125,0.8166666666666667,0,2,0.3125,0.8166666666666667,0,2
68,F3,0.0,20,0.0,0.5,3,2,0.0,0.5,7,2
68,S1,0.0,20,0.0,0.4375,6,3,0.0,0.4375,4,5
68,S2,0.125,20,0.125,0.7166666666666667,0,2,0.0,0.7166666666666667,1,3
68,S3,0.75,20,0.75,0.8833333333333333,0,2,0.75,0.8833333333333333,0,2
68,W1,0.75,20,0.75,0.75,0,1,0.0625,0.75,0,2
68,W2,0.9375,20,0.9375,0.9833333333333333,0,2,0.9375,0.9833333333333333,0,2
68,W3,0.5,20,0.5,0.5,0,1,0.5,0.5,0,1
71,F1,0.42105263157894735,20,0.42105263157894735,0.5961538461538461,0,2,0.42105263157894735,0.5961538461538461,0,2
71,F2,0.42105263157894735,20,0.42105263157894735,0.5192307692307692,0,2,0.42105263157894735,0.5192307692307692,0,2
71,F3,0.6538461538461539,20,0.42105263157894735,0.6538461538461539,0,3,0.42105263157894735,0.6538461538461539,0,3
71,S1,0.42105263157894735,20,0.42105263157894735,0.5384615384615384,0,3,0.42105263157894735,0.5384615384615384,0,3
71,S2,0.42105263157894735,20,0.42105263157894735,0.6346153846153846,0,2,0.42105263157894735,0.6346153846153846,0,2
71,S3,0.5789473684210527,20,0.5789473684210527,0.7307692307692308,0,2,0.5789473684210527,0.7307692307692308,0,2
71,W1,0.42105263157894735,20,0.42105263157894735,0.6730769230769231,0,2,0.42105263157894735,0.6730769230769231,0,2
71,W2,0.7884615384615384,20,0.7884615384615384,0.7884615384615384,0,1,0.7884615384615384,0.7884615384615384,0,1
71,W3,0.6923076923076923,20,0.6923076923076923,0.6923076923076923,0,1,0.6923076923076923,0.6923076923076923,0,1
71,W4,0.9038461538461539,20,0.9038461538461539,0.9038461538461539,0,1,0.9038461538461539,0.9038461538461539,0,1
74,F1,0.0,20,0.0,0.5897435897435898,10,4,0.0,0.5897435897435898,11,4
74,F2,0.0,20,0.0,0.4871794871794872,16,3,0.0,0.4871794871794872,13,3
74,F3,0.9473684210526316,20,0.9285714285714286,0.9743589743589743,0,3,0.9285714285714286,0.9743589743589743,0,3
74,S1,0.5263157894736843,20,0.3571428571428571,0.7692307692307692,0,5,0.3571428571428571,0.7692307692307692,0,6
74,S2,0.10526315789473684,20,0.0,0.6923076923076923,3,7,0.0,0.6923076923076923,3,6
74,S3,0.4736842105263158,20,0.2857142857142857,0.7435897435897436,0,5,0.2857142857142857,0.7435897435897436,0,4
74,W1,0.368421052631579,20,0.368421052631579,0.368421052631579,0,1,0.368421052631579,0.368421052631579,0,1
74,W2,0.8421052631578947,20,0.7857142857142857,0.9230769230769231,0,3,0.7857142857142857,0.9230769230769231,0,3
74,W3,0.0,20,0.0,0.4871794871794872,15,2,0.0,0.4871794871794872,11,2
75,F1,0.631578947368421,20,0.18181818181818177,0.631578947368421,0,2,0.18181818181818177,0.631578947368421,0,3
75,F2,0.631578947368421,20,0.18181818181818177,0.631578947368421,0,2,0.18181818181818177,0.631578947368421,0,3
75,F3,0.368421052631579,20,0.0,0.368421052631579,11,2,0.0,0.368421052631579,9,2
75,S1,0.8947368421052632,20,0.8181818181818181,0.8947368421052632,0,2,0.8181818181818181,0.8947368421052632,0,2
75,S2,0.6842105263157895,20,0.4545454545454546,0.6842105263157895,0,2,0.4545454545454546,0.6842105263157895,0,2
75,S3,0.8947368421052632,20,0.8181818181818181,0.8947368421052632,0,2,0.8181818181818181,0.8947368421052632,0,2
75,W1,0.6363636363636364,20,0.2727272727272727,0.6363636363636364,0,2,0.2727272727272727,0.6363636363636364,0,3
75,W2,0.9473684210526316,20,0.9090909090909091,0.9473684210526316,0,2,0.9090909090909091,0.9473684210526316,0,2
75,W3,0.5263157894736843,20,0.18181818181818177,0.6363636363636364,0,3,0.18181818181818177,0.6363636363636364,0,3
79,F1,0.0,20,0.0,0.0,20,1,0.0,0.0,20,1
79,F2,0.29166666666666663,20,0.0,0.29166666666666663,17,3,0.0,0.29166666666666663,15,3
79,F3,0.16666666666666663,20,0.16666666666666663,0.2666666666666667,0,2,0.0,0.2666666666666667,1,5
79,S1,0.19999999999999996,20,0.19999999999999996,0.5,0,3,0.06666666666666665,0.5,0,4
79,S2,0.4,20,0.4,0.7083333333333333,0,3,0.4,0.7083333333333333,0,3
79,S3,0.41666666666666663,20,0.0,0.41666666666666663,8,5,0.0,0.41666666666666663,6,6
79,W1,0.0,20,0.0,0.0,20,1,0.0,0.0,20,1
79,W2,0.0,20,0.0,0.0,20,1,0.0,0.04166666666666663,19,2
79,W3,0.7333333333333334,20,0.7333333333333334,0.8333333333333334,0,2,0.7333333333333334,0.8333333333333334,0,2
79,W4,0.8,20,0.8,0.875,0,2,0.8,0.875,0,2
80,F1,0.34782608695652173,20,0.34782608695652173,0.34782608695652173,0,1,0.34782608695652173,0.34782608695652173,0,1
80,F2,0.6956521739130435,20,0.6086956521739131,0.6956521739130435,0,2,0.6086956521739131,0.8,0,3
80,F3,0.4782608695652174,20,0.3913043478260869,0.4782608695652174,0,2,0.3913043478260869,0.6571428571428571,0,3
80,F4,0.8695652173913043,20,0.8695652173913043,0.8695652173913043,0,1,0.8695652173913043,0.8695652173913043,0,1
80,S1,0.6086956521739131,20,0.6086956521739131,0.6956521739130435,0,2,0.6086956521739131,0.6956521739130435,0,2
80,S2,0.782608695652174,20,0.782608695652174,0.782608695652174,0,1,0.782608695652174,0.782608695652174,0,1
80,S3,0.4782608695652174,20,0.4782608695652174,0.5652173913043479,0,2,0.4782608695652174,0.7142857142857143,0,3
80,S4,0.6956521739130435,20,0.6956521739130435,0.6956521739130435,0,1,0.6956521739130435,0.6956521739130435,0,1
80,W1,0.7428571428571429,20,0.7428571428571429,0.7428571428571429,0,1,0.7428571428571429,0.7428571428571429,0,1
80,W2,0.34285714285714286,20,0.34285714285714286,0.34285714285714286,0,1,0.34285714285714286,0.34285714285714286,0,1
80,W3,0.0,20,0.0,0.0,20,1,0.0,0.0,20,1
81,F1,0.8113207547169812,20,0.8113207547169812,0.8113207547169812,0,1,0.8113207547169812,0.8113207547169812,0,1
81,F2,0.7735849056603774,20,0.7735849056603774,0.7735849056603774,0,1,0.7272727272727273,0.7735849056603774,0,2
81,F3,0.05660377358490565,20,0.05660377358490565,0.05660377358490565,0,1,0.05660377358490565,0.07547169811320753,0,2
81,F4,0.6415094339622642,20,0.6415094339622642,0.6415094339622642,0,1,0.6415094339622642,0.7045454545454546,0,2
81,S1,0.6603773584905661,20,0.6603773584905661,0.6603773584905661,0,1,0.6603773584905661,0.6603773584905661,0,1
81,S2,0.6981132075471699,20,0.6981132075471699,0.6981132075471699,0,1,0.6981132075471699,0.6981132075471699,0,1
81,S3,0.49056603773584906,20,0.49056603773584906,0.49056603773584906,0,1,0.49056603773584906,0.49056603773584906,0,1
81,S4,0.7735849056603774,20,0.7735849056603774,0.7735849056603774,0,1,0.7735849056603774,0.7735849056603774,0,1
81,W1,0.7735849056603774,20,0.7169811320754718,0.7735849056603774,0,2,0.6590909090909092,0.7735849056603774,0,3
81,W2,0.5283018867924528,20,0.5283018867924528,0.5283018867924528,0,1,0.5283018867924528,0.7045454545454546,0,2
81,W3,0.7045454545454546,20,0.5283018867924528,0.7045454545454546,0,2,0.5283018867924528,0.7045454545454546,0,2
82,F1,0.631578947368421,20,0.631578947368421,0.631578947368421,0,1,0.631578947368421,0.631578947368421,0,1
82,F2,0.3508771929824561,20,0.0,0.3508771929824561,11,2,0.0,0.3508771929824561,10,2
82,F3,0.4736842105263158,20,0.4736842105263158,0.4736842105263158,0,1,0.4736842105263158,0.4736842105263158,0,1
82,S1,0.45614035087719296,20,0.45614035087719296,0.45614035087719296,0,1,0.45614035087719296,0.45614035087719296,0,1
82,S2,0.4035087719298246,20,0.4035087719298246,0.4035087719298246,0,1,0.4035087719298246,0.4035087719298246,0,1
82,S3,0.42105263157894735,20,0.42105263157894735,0.42105263157894735,0,1,0.42105263157894735,0.42105263157894735,0,1
82,W1,0.3508771929824561,20,0.3508771929824561,0.3508771929824561,0,1,0.3508771929824561,0.3508771929824561,0,1
82,W2,0.8947368421052632,20,0.8947368421052632,0.8947368421052632,0,1,0.8947368421052632,0.8947368421052632,0,1
82,W3,0.41666666666666663,20,0.0,0.41666666666666663,13,2,0.0,0.41666666666666663,7,2
83,F1,0.9666666666666667,20,0.9333333333333333,0.9666666666666667,0,2,0.9333333333333333,0.9666666666666667,0,2
83,F2,0.6666666666666667,20,0.33333333333333337,0.7333333333333334,0,4,0.33333333333333337,0.7333333333333334,0,4
83,F3,0.6666666666666667,20,0.33333333333333337,0.6666666666666667,0,3,0.33333333333333337,0.6666666666666667,0,3
83,S1,0.5333333333333333,20,0.0,0.5333333333333333,6,4,0.0,0.5333333333333333,11,4
83,S2,0.8666666666666667,20,0.7333333333333334,0.9,0,3,0.7333333333333334,0.9,0,3
83,S3,0.9333333333333333,20,0.8666666666666667,0.9333333333333333,0,2,0.8666666666666667,0.9333333333333333,0,2
83,S4,0.7,20,0.2666666666666667,0.7,0,4,0.2666666666666667,0.7,0,4
83,W1,0.8666666666666667,20,0.7333333333333334,0.8666666666666667,0,2,0.7333333333333334,0.8666666666666667,0,2
83,W2,0.0,20,0.0,0.3666666666666667,12,2,0.0,0.3666666666666667,9,2
83,W3,0.4,20,0.0,0.4,14,2,0.0,0.4,11,2
84,F1,0.7,20,0.7,0.7,0,1,0.6153846153846154,0.7,0,2
84,F2,0.625,20,0.625,0.625,0,1,0.4,0.625,0,3
84,F3,0.9807692307692307,20,0.9807692307692307,0.9807692307692307,0,1,0.9807692307692307,0.9807692307692307,0,1
84,S1,0.9230769230769231,20,0.9230769230769231,0.9230769230769231,0,1,0.9230769230769231,0.9230769230769231,0,1
84,S2,0.8269230769230769,20,0.8269230769230769,0.8269230769230769,0,1,0.8269230769230769,0.8269230769230769,0,1
84,S3,0.8269230769230769,20,0.8269230769230769,0.8269230769230769,0,1,0.75,0.8269230769230769,0,2
84,S4,0.75,20,0.75,0.75,0,1,0.75,0.8148148148148149,0,2
84,W1,0.9615384615384616,20,0.9615384615384616,0.9615384615384616,0,1,0.9615384615384616,0.9615384615384616,0,1
84,W2,0.3653846153846154,20,0.3653846153846154,0.3653846153846154,0,1,0.3653846153846154,0.3653846153846154,0,1
84,W3,0.825,20,0.825,0.825,0,1,0.6,0.825,0,2
84,W4,0.8269230769230769,20,0.8269230769230769,0.8269230769230769,0,1,0.8269230769230769,0.8269230769230769,0,1
87,F1,0.8604651162790697,20,0.7727272727272727,0.8604651162790697,0,3,0.5909090909090908,0.8604651162790697,0,5
87,F2,0.9534883720930233,20,0.9534883720930233,0.9534883720930233,0,1,0.9534883720930233,0.9534883720930233,0,1
87,F3,0.6976744186046512,20,0.6744186046511628,0.6976744186046512,0,2,0.6744186046511628,0.6976744186046512,0,2
87,F4,0.09090909090909094,20,0.09090909090909094,0.09090909090909094,0,1,0.045454545454545414,0.46153846153846156,0,4
87,S1,0.0,20,0.0,0.39473684210526316,8,3,0.0,0.39473684210526316,11,6
87,S2,0.0,20,0.0,0.39473684210526316,10,2,0.0,0.39473684210526316,11,4
87,S3,0.8837209302325582,20,0.8837209302325582,0.8837209302325582,0,1,0.8837209302325582,0.8837209302325582,0,1
87,S4,0.40909090909090906,20,0.40909090909090906,0.6578947368421053,0,2,0.2272727272727273,0.6578947368421053,0,5
87,W1,0.5526315789473684,20,0.5526315789473684,0.5526315789473684,0,1,0.5526315789473684,0.5526315789473684,0,1
87,W2,0.6923076923076923,20,0.5641025641025641,0.6923076923076923,0,2,0.4545454545454546,0.6923076923076923,0,3
87,W3,0.2272727272727273,20,0.2272727272727273,0.2272727272727273,0,1,0.0,0.2272727272727273,6,2
87,W4,0.6046511627906976,20,0.6046511627906976,0.6046511627906976,0,1,0.6046511627906976,0.6046511627906976,0,1
89,F1,0.16666666666666663,20,0.16666666666666663,0.16666666666666663,0,1,0.16666666666666663,0.5416666666666667,0,2
89,F2,0.8,20,0.8,0.8,0,1,0.7083333333333333,0.8,0,2
89,F3,0.45999999999999996,20,0.45999999999999996,0.45999999999999996,0,1,0.45999999999999996,0.45999999999999996,0,1
89,S1,0.6799999999999999,20,0.6799999999999999,0.6799999999999999,0,1,0.6799999999999999,0.6799999999999999,0,1
89,S2,0.92,20,0.92,0.92,0,1,0.92,0.92,0,1
89,S3,0.125,20,0.125,0.5,0,2,0.125,0.5,0,2
89,W1,0.6799999999999999,20,0.6799999999999999,0.6799999999999999,0,1,0.6799999999999999,0.6799999999999999,0,1
89,W2,0.98,20,0.98,0.98,0,1,0.98,0.98,0,1
89,W3,0.78,20,0.78,0.78,0,1,0.41666666666666663,0.78,0,3
89,W4,0.78,20,0.78,0.78,0,1,0.72,0.78,0,2
90,F1,0.5454545454545454,20,0.5454545454545454,0.5454545454545454,0,1,0.5454545454545454,0.5454545454545454,0,1
90,F2,0.5454545454545454,20,0.5454545454545454,0.5454545454545454,0,1,0.5454545454545454,0.5454545454545454,0,1
90,F3,0.5636363636363637,20,0.5636363636363637,0.5636363636363637,0,1,0.5636363636363637,0.5636363636363637,0,1
90,S1,0.23636363636363633,20,0.23636363636363633,0.23636363636363633,0,1,0.23636363636363633,0.5272727272727273,0,3
90,S2,0.6,20,0.6,0.6,0,1,0.6,0.6226415094339622,0,2
90,S3,0.5454545454545454,20,0.5454545454545454,0.5454545454545454,0,1,0.5454545454545454,0.7547169811320755,0,3
90,W1,0.9454545454545454,20,0.9454545454545454,0.9454545454545454,0,1,0.9454545454545454,0.9454545454545454,0,1
90,W2,0.4545454545454546,20,0.4545454545454546,0.4545454545454546,0,1,0.4545454545454546,0.4545454545454546,0,1
90,W3,0.7272727272727273,20,0.7272727272727273,0.7272727272727273,0,1,0.7272727272727273,0.7272727272727273,0,1
90,W4,0.4545454545454546,20,0.4545454545454546,0.4545454545454546,0,1,0.4545454545454546,0.4545454545454546,0,1
92,F1,0.9807692307692307,20,0.96,0.9807692307692307,0,2,0.96,0.9807692307692307,0,2
92,F2,0.75,20,0.48,0.75,0,2,0.48,0.75,0,2
92,F3,0.8653846153846154,20,0.72,0.8653846153846154,0,2,0.72,0.8653846153846154,0,2
92,S1,0.0,20,0.0,0.0,20,1,0.0,0.0,20,1
92,S2,0.0,20,0.0,0.0,20,1,0.0,0.0,20,1
92,S3,0.8846153846153846,20,0.76,0.8846153846153846,0,2,0.76,0.8846153846153846,0,2
92,W1,0.6799999999999999,20,0.6799999999999999,0.8461538461538461,0,2,0.6799999999999999,0.8461538461538461,0,2
92,W2,0.64,20,0.0,0.64,8,2,0.0,0.64,9,3
92,W3,0.0,20,0.0,0.0,20,1,0.0,0.0,20,1
93,F1,0.543859649122807,20,0.543859649122807,0.543859649122807,0,1,0.543859649122807,0.543859649122807,0,1
93,F2,0.8245614035087719,20,0.8245614035087719,0.8245614035087719,0,1,0.8245614035087719,0.8245614035087719,0,1
93,F3,0.6140350877192983,20,0.6140350877192983,0.6140350877192983,0,1,0.6140350877192983,0.6140350877192983,0,1
93,S1,0.5087719298245614,20,0.5087719298245614,0.5087719298245614,0,1,0.5087719298245614,0.5087719298245614,0,1
93,S2,0.8421052631578947,20,0.8421052631578947,0.8421052631578947,0,1,0.8421052631578947,0.8421052631578947,0,1
93,S3,0.42105263157894735,20,0.42105263157894735,0.42105263157894735,0,1,0.42105263157894735,0.42105263157894735,0,1
93,W1,0.33333333333333337,20,0.33333333333333337,0.33333333333333337,0,1,0.33333333333333337,0.33333333333333337,0,1
93,W2,0.0,20,0.0,0.0,20,1,0.0,0.0,20,1
93,W3,0.7192982456140351,20,0.7192982456140351,0.7192982456140351,0,1,0.7192982456140351,0.7192982456140351,0,1
94,F1,0.7291666666666667,20,0.5208333333333333,0.7291666666666667,0,2,0.5208333333333333,0.7291666666666667,0,2
94,F2,0.5,20,0.25,0.64,0,4,0.25,0.5,0,2
94,F3,0.8958333333333334,20,0.868421052631579,0.8958333333333334,0,2,0.868421052631579,0.8958333333333334,0,2
94,F4,0.21052631578947367,20,0.0,0.375,10,3,0.0,0.52,9,6
94,S1,0.3125,20,0.10416666666666663,0.3125,0,2,0.10416666666666663,0.38888888888888884,0,3
94,S2,0.5625,20,0.2777777777777778,0.736842105263158,0,5,0.2777777777777778,0.736842105263158,0,6
94,S3,0.6458333333333333,20,0.6458333333333333,0.736842105263158,0,2,0.5,0.736842105263158,0,3
94,S4,0.56,20,0.11111111111111116,0.736842105263158,0,5,0.11111111111111116,0.736842105263158,0,6
94,W1,0.5625,20,0.4473684210526315,0.5625,0,2,0.4473684210526315,0.5625,0,2
94,W2,0.25,20,0.25,0.25,0,1,0.25,0.25,0,1
94,W3,0.0,20,0.0,0.0,20,1,0.0,0.0,20,1
97,F1,0.0,20,0.0,0.0,20,1,0.0,0.0,20,1
97,F2,0.0,20,0.0,0.11111111111111116,7,2,0.0,0.25,11,3
97,F3,0.25,20,0.25,0.625,0,2,0.25,0.625,0,2
97,S1,0.7142857142857143,20,0.41666666666666663,0.7142857142857143,0,2,0.41666666666666663,0.7142857142857143,0,3
97,S2,0.2222222222222222,20,0.0,0.2222222222222222,12,2,0.0,0.3055555555555556,18,2
97,S3,0.0,20,0.0,0.0,20,1,0.0,0.0,20,1
97,W1,0.33333333333333337,20,0.33333333333333337,0.33333333333333337,0,1,0.33333333333333337,0.33333333333333337,0,1
97,W2,0.6101694915254237,20,0.0,0.6101694915254237,6,4,0.0,0.6101694915254237,7,4
97,W3,0.8571428571428572,20,0.7777777777777778,0.8571428571428572,0,2,0.7777777777777778,0.8571428571428572,0,2
97,W4,0.7321428571428572,20,0.5833333333333333,0.7321428571428572,0,2,0.5833333333333333,0.7321428571428572,0,2
98,F1,0.5,20,0.5,0.5,0,1,0.5,0.5,0,1
98,F2,0.0,20,0.0,0.2962962962962963,10,3,0.0,0.2962962962962963,3,3
98,F3,0.86,20,0.86,0.86,0,1,0.86,0.86,0,1
98,S1,0.0,20,0.0,0.0,20,1,0.0,0.38888888888888884,19,2
98,S2,0.86,20,0.86,0.86,0,1,0.86,0.86,0,1
98,S3,0.36,20,0.36,0.36,0,1,0.36,0.36,0,1
98,W1,0.5,20,0.2777777777777778,0.5,0,2,0.2777777777777778,0.5,0,2
98,W2,0.6296296296296297,20,0.16666666666666663,0.6296296296296297,0,2,0.16666666666666663,0.6296296296296297,0,2
98,W3,0.62,20,0.62,0.62,0,1,0.62,0.62,0,1
105,F1,0.1071428571428571,20,0.1071428571428571,0.1071428571428571,0,1,0.1071428571428571,0.1071428571428571,0,1
105,F2,0.5892857142857143,20,0.5892857142857143,0.5892857142857143,0,1,0.5892857142857143,0.5892857142857143,0,1
105,F3,0.2857142857142857,20,0.2857142857142857,0.2857142857142857,0,1,0.23529411764705888,0.2857142857142857,0,2
105,S1,0.0,20,0.0,0.0,20,1,0.0,0.0,20,1
105,S2,0.6964285714285714,20,0.6964285714285714,0.6964285714285714,0,1,0.6964285714285714,0.6964285714285714,0,1
105,S3,0.8392857142857143,20,0.8392857142857143,0.8392857142857143,0,1,0.8392857142857143,0.8392857142857143,0,1
105,S4,0.2142857142857143,20,0.2142857142857143,0.2142857142857143,0,1,0.2142857142857143,0.23529411764705888,0,2
105,W1,0.4821428571428571,20,0.4821428571428571,0.4821428571428571,0,1,0.4821428571428571,0.4821428571428571,0,1
105,W2,0.0,20,0.0,0.6607142857142857,10,2,0.0,0.6607142857142857,7,2
105,W3,0.0,20,0.0,0.0,20,1,0.0,0.0,20,1
105,W4,0.7321428571428572,20,0.7321428571428572,0.7321428571428572,0,1,0.7321428571428572,0.7321428571428572,0,1
106,F1,0.0,20,0.0,0.0980392156862745,13,2,0.0,0.0980392156862745,10,2
106,F2,0.5490196078431373,20,0.5490196078431373,0.6274509803921569,0,2,0.5490196078431373,0.6274509803921569,0,2
106,F3,0.3846153846153846,20,0.07692307692307687,0.3846153846153846,0,2,0.07692307692307687,0.3846153846153846,0,2
106,S1,0.196078431372549,20,0.196078431372549,0.4901960784313726,0,2,0.0,0.4901960784313726,1,4
106,S2,0.2941176470588235,20,0.2941176470588235,0.4901960784313726,0,2,0.2941176470588235,0.4901960784313726,0,2
106,S3,0.7254901960784313,20,0.7254901960784313,0.803921568627451,0,2,0.7254901960784313,0.803921568627451,0,3
106,W1,0.9215686274509804,20,0.9215686274509804,0.9215686274509804,0,1,0.9215686274509804,0.9215686274509804,0,1
106,W2,0.3076923076923077,20,0.3076923076923077,0.3076923076923077,0,1,0.3076923076923077,0.3076923076923077,0,1
106,W3,0.019607843137254943,20,0.019607843137254943,0.019607843137254943,0,1,0.019607843137254943,0.019607843137254943,0,1
108,F1,0.30952380952380953,20,0.30952380952380953,0.30952380952380953,0,1,0.30952380952380953,0.30952380952380953,0,1
108,F2,0.6666666666666667,20,0.6666666666666667,0.6666666666666667,0,1,0.6666666666666667,0.6666666666666667,0,1
108,F3,0.5238095238095238,20,0.5238095238095238,0.5238095238095238,0,1,0.5238095238095238,0.5238095238095238,0,1
108,S1,0.5714285714285714,20,0.5714285714285714,0.5714285714285714,0,1,0.5714285714285714,0.5714285714285714,0,1
108,S2,0.5714285714285714,20,0.5714285714285714,0.5714285714285714,0,1,0.5714285714285714,0.5714285714285714,0,1
108,S3,0.5476190476190477,20,0.5476190476190477,0.5476190476190477,0,1,0.5476190476190477,0.5476190476190477,0,1
108,S4,0.8809523809523809,20,0.8809523809523809,0.8809523809523809,0,1,0.8809523809523809,0.8809523809523809,0,1
108,W1,0.47619047619047616,20,0.47619047619047616,0.47619047619047616,0,1,0.47619047619047616,0.47619047619047616,0,1
108,W2,0.30952380952380953,20,0.30952380952380953,0.30952380952380953,0,1,0.30952380952380953,0.30952380952380953,0,1
108,W3,0.23809523809523814,20,0.23809523809523814,0.23809523809523814,0,1,0.23809523809523814,0.23809523809523814,0,1
110,F1,0.6551724137931034,20,0.6551724137931034,0.6551724137931034,0,1,0.6551724137931034,0.6551724137931034,0,1
110,F2,0.5517241379310345,20,0.5517241379310345,0.5517241379310345,0,1,0.5517241379310345,0.5517241379310345,0,1
110,F3,0.9310344827586207,20,0.9310344827586207,0.9310344827586207,0,1,0.9310344827586207,0.9310344827586207,0,1
110,S1,0.4482758620689655,20,0.4482758620689655,0.4482758620689655,0,1,0.3448275862068966,0.4482758620689655,0,2
110,S2,0.7586206896551724,20,0.7586206896551724,0.7586206896551724,0,1,0.7586206896551724,0.7586206896551724,0,1
110,S3,0.8620689655172413,20,0.8620689655172413,0.8620689655172413,0,1,0.8620689655172413,0.8620689655172413,0,1
110,S4,0.8620689655172413,20,0.8620689655172413,0.8620689655172413,0,1,0.8620689655172413,0.8620689655172413,0,1
110,W1,0.6896551724137931,20,0.6896551724137931,0.6896551724137931,0,1,0.6896551724137931,0.6896551724137931,0,1
110,W2,0.7586206896551724,20,0.7586206896551724,0.7586206896551724,0,1,0.7586206896551724,0.7586206896551724,0,1
110,W3,0.896551724137931,20,0.896551724137931,0.896551724137931,0,1,0.896551724137931,0.896551724137931,0,1
110,W4,0.7931034482758621,20,0.7931034482758621,0.7931034482758621,0,1,0.7931034482758621,0.7931034482758621,0,1
116,F1,0.039215686274509776,20,0.039215686274509776,0.05882352941176472,0,2,0.039215686274509776,0.05882352941176472,0,2
116,F2,0.6470588235294117,20,0.6470588235294117,0.6470588235294117,0,1,0.6470588235294117,0.6470588235294117,0,1
116,F3,0.7647058823529411,20,0.7647058823529411,0.7647058823529411,0,1,0.7647058823529411,0.7647058823529411,0,1
116,F4,0.803921568627451,20,0.803921568627451,0.803921568627451,0,1,0.803921568627451,0.803921568627451,0,1
116,S1,0.9803921568627451,20,0.9803921568627451,0.9803921568627451,0,1,0.9803921568627451,0.9803921568627451,0,1
116,S2,0.8235294117647058,20,0.8235294117647058,0.8235294117647058,0,1,0.8235294117647058,0.8235294117647058,0,1
116,S3,0.5882352941176471,20,0.5882352941176471,0.5882352941176471,0,1,0.5882352941176471,0.5882352941176471,0,1
116,S4,0.8627450980392157,20,0.8627450980392157,0.8627450980392157,0,1,0.8627450980392157,0.8627450980392157,0,1
116,W1,0.7450980392156863,20,0.7450980392156863,0.7450980392156863,0,1,0.7450980392156863,0.7804878048780488,0,2
116,W2,0.4509803921568627,20,0.4509803921568627,0.4509803921568627,0,1,0.4509803921568627,0.4509803921568627,0,1
116,W3,0.8627450980392157,20,0.8627450980392157,0.8627450980392157,0,1,0.8292682926829268,0.8627450980392157,0,2
116,W4,0.7058823529411764,20,0.7058823529411764,0.7058823529411764,0,1,0.7058823529411764,0.7058823529411764,0,1
118,F1,0.868421052631579,20,0.868421052631579,0.868421052631579,0,1,0.868421052631579,0.868421052631579,0,1
118,F2,0.13157894736842102,20,0.13157894736842102,0.13157894736842102,0,1,0.13157894736842102,0.13157894736842102,0,1
118,F3,0.4736842105263158,20,0.21052631578947367,0.4736842105263158,0,2,0.21052631578947367,0.4736842105263158,0,2
118,S1,0.6052631578947368,20,0.6052631578947368,0.6052631578947368,0,1,0.6052631578947368,0.6052631578947368,0,1
118,S2,0.02631578947368418,20,0.0,0.4473684210526315,8,3,0.0,0.4473684210526315,4,3
118,S3,0.1333333333333333,20,0.1333333333333333,0.1333333333333333,0,1,0.1333333333333333,0.3157894736842105,0,3
118,W1,0.5263157894736843,20,0.5263157894736843,0.5263157894736843,0,1,0.5263157894736843,0.5263157894736843,0,1
118,W2,0.4736842105263158,20,0.4736842105263158,0.4736842105263158,0,1,0.4736842105263158,0.4736842105263158,0,1
118,W3,0.6052631578947368,20,0.5789473684210527,0.6052631578947368,0,2,0.5789473684210527,0.6052631578947368,0,2
118,W4,0.7894736842105263,20,0.7894736842105263,0.7894736842105263,0,1,0.7894736842105263,0.7894736842105263,0,1
