index,nodes,hospitals,arcs,slack,demand,capacity,worst_at_zero,worst_at_top,concave,front_loaded,worst_second_difference,gain_first_half,gain_second_half,binding_levels,distinct_binding,migrates,first_binding,last_binding,target,uniform_spend,optimized_spend,achieved,iterations,dominates,saving,has_floor,floor_value,floor_pair,cut_pairs,floor_tier
0,10,3,27,0.0285,110,359,0.6363636363636364,0.9545454545454546,True,True,1.1102230246251565e-16,0.19090909090909092,0.12727272727272732,6,1,False,F2,F2,0.9545454545454546,179.5,103.0,0.9545454545454546,9,True,0.42618384401114207,True,0.7818181818181819,F2+F3,2,FF
1,11,2,32,0.0265,54,169,0.5925925925925926,0.8888888888888888,True,True,0.0,0.1777777777777778,0.11851851851851847,6,1,False,S2,S2,0.8888888888888888,84.5,46.0,0.8888888888888888,7,True,0.4556213017751479,False,,,0,
3,9,2,22,0.0629,105,361,0.5428571428571429,0.8142857142857143,True,True,0.0,0.1628571428571428,0.10857142857142854,6,1,False,W1,W1,0.8142857142857143,180.5,63.5,0.8142857142857143,4,True,0.6481994459833795,False,,,0,
4,10,2,27,0.0608,99,338,0.6363636363636364,0.9545454545454546,True,True,1.1102230246251565e-16,0.19090909090909092,0.12727272727272732,6,1,False,S2,S2,0.9545454545454546,169.0,80.0,0.9545454545454546,9,True,0.5266272189349113,False,,,0,
5,9,2,22,0.2805,50,203,0.74,1.0,True,True,1.1102230246251565e-16,0.22199999999999998,0.038000000000000034,4,1,False,F2,F2,1.0,101.5,27.0,1.0,7,True,0.7339901477832512,False,,,0,
10,9,2,23,0.1346,33,121,0.6060606060606061,0.9090909090909091,True,True,1.1102230246251565e-16,0.18181818181818177,0.12121212121212122,6,1,False,W3,W3,0.9090909090909091,60.5,18.0,0.9090909090909091,5,True,0.7024793388429752,False,,,0,
11,10,4,27,0.1353,113,427,0.49557522123893805,0.584070796460177,True,True,1.1102230246251565e-16,0.053097345132743334,0.03539823008849563,6,1,False,W3,W3,0.584070796460177,213.5,10.0,0.584070796460177,2,True,0.9531615925058547,True,0.31858407079646023,W2+W3,2,WW
13,9,4,23,0.2978,104,419,0.7211538461538461,1.0,True,True,0.0,0.21634615384615385,0.0625,4,1,False,W1,W1,1.0,209.5,62.0,1.0,9,True,0.7040572792362768,True,0.6442307692307692,W1+W2,3,WW
16,10,2,25,0.02,54,171,0.5555555555555556,0.8333333333333334,True,True,1.1102230246251565e-16,0.16666666666666663,0.11111111111111116,6,1,False,S3,S3,0.8333333333333334,85.5,36.0,0.8333333333333334,4,True,0.5789473684210527,False,,,0,
17,11,4,30,0.0345,72,231,0.625,0.9375,True,True,0.0,0.1875,0.125,6,1,False,F3,F3,0.9375,115.5,55.75,0.9375,9,True,0.5173160173160173,True,0.6111111111111112,W1+W3,3,WW
19,12,2,35,0.0675,27,90,0.7037037037037037,1.0,True,True,1.1102230246251565e-16,0.21111111111111114,0.08518518518518514,5,1,False,F1,F1,1.0,45.0,22.0,1.0,8,True,0.5111111111111111,False,,,0,
23,9,4,25,0.0242,121,425,0.5950413223140496,0.8925619834710744,True,True,1.1102230246251565e-16,0.17851239669421481,0.11900826446280999,6,1,False,S3,S3,0.8925619834710744,212.5,67.0,0.8925619834710744,6,True,0.6847058823529412,True,0.6942148760330579,W2+W3,2,WW
27,11,3,29,0.031,93,298,0.6236559139784946,0.8655913978494624,True,True,1.1102230246251565e-16,0.18387096774193556,0.058064516129032184,6,2,True,F2,W4,0.8655913978494624,149.0,66.25,0.8655913978494624,8,True,0.5553691275167785,True,0.4301075268817204,W3+W4,1,WW
28,9,4,26,0.0206,134,460,0.4776119402985075,0.7164179104477613,True,True,1.1102230246251565e-16,0.14328358208955216,0.09552238805970159,6,1,False,W2,W2,0.7164179104477613,230.0,38.0,0.7164179104477613,3,True,0.8347826086956521,True,0.6791044776119404,W2+W3,1,WW
29,10,4,30,0.0549,131,455,0.43511450381679384,0.6526717557251909,True,True,1.1102230246251565e-16,0.1305343511450383,0.08702290076335872,6,1,False,F1,F1,0.6526717557251909,227.5,32.0,0.6526717557251909,3,True,0.8593406593406593,True,0.5954198473282443,F2+F3,3,FF
30,10,3,30,0.0899,103,357,0.6504854368932038,0.9757281553398058,True,True,1.1102230246251565e-16,0.19514563106796123,0.13009708737864079,6,1,False,S2,S2,0.9757281553398058,178.5,84.0,0.9757281553398058,9,True,0.5294117647058824,False,,,0,
31,10,3,24,0.0433,69,222,0.5507246376811594,0.8260869565217391,True,True,1.1102230246251565e-16,0.16521739130434776,0.11014492753623195,6,1,False,S1,S1,0.8260869565217391,111.0,42.0,0.8260869565217391,6,True,0.6216216216216216,False,,,0,
32,12,3,34,0.0861,106,368,0.6320754716981132,0.8254716981132075,True,True,0.0,0.16509433962264153,0.028301886792452824,6,2,True,W2,W3,0.8254716981132075,184.0,30.0,0.8254716981132075,4,True,0.8369565217391305,True,0.6132075471698113,W3+W4,1,WW
33,11,4,32,0.0899,95,339,0.6,0.9,True,True,1.1102230246251565e-16,0.18000000000000005,0.12,6,1,False,S2,S2,0.9,169.5,49.0,0.9,4,True,0.7109144542772862,True,0.631578947368421,W1+W3,2,WW
34,11,3,32,0.0403,80,261,0.5875,0.88125,True,True,1.1102230246251565e-16,0.17625000000000002,0.11749999999999994,6,1,False,F3,F3,0.88125,130.5,52.5,0.88125,6,True,0.5977011494252874,False,,,0,
36,9,3,24,0.0416,93,325,0.5376344086021505,0.8064516129032258,True,True,1.1102230246251565e-16,0.16129032258064524,0.10752688172043001,6,1,False,W2,W2,0.8064516129032258,162.5,46.0,0.8064516129032258,4,True,0.7169230769230769,False,,,0,
37,11,3,27,0.1144,73,273,0.7123287671232876,0.9726027397260274,True,True,1.1102230246251565e-16,0.17808219178082196,0.0821917808219178,6,2,True,S3,W1,0.9726027397260274,136.5,52.0,0.9726027397260274,6,True,0.6190476190476191,True,0.3561643835616438,W1+W3,2,WW
38,12,3,36,0.0445,127,405,0.6614173228346456,0.9921259842519685,True,True,1.1102230246251565e-16,0.19842519685039373,0.1322834645669292,6,1,False,S1,S1,0.9921259842519685,202.5,119.0,0.9921259842519685,9,True,0.4123456790123457,False,,,0,
39,10,2,27,0.1557,36,135,0.6944444444444444,1.0,True,True,1.1102230246251565e-16,0.20833333333333337,0.09722222222222221,5,1,False,F1,F1,1.0,67.5,29.0,1.0,6,True,0.5703703703703704,False,,,0,
44,11,4,32,0.1032,123,439,0.7398373983739837,0.8414634146341463,True,True,1.1102230246251565e-16,0.060975609756097615,0.04065040650406504,6,1,False,W4,W4,0.8414634146341463,219.5,24.5,0.8414634146341463,5,True,0.8883826879271071,True,0.5365853658536586,W1+W4,1,WW
45,10,3,27,0.0962,134,451,0.3880597014925373,0.582089552238806,True,True,1.1102230246251565e-16,0.11641791044776117,0.07761194029850749,6,1,False,S2,S2,0.582089552238806,225.5,41.0,0.582089552238806,3,True,0.8181818181818182,True,0.5970149253731343,W1+W2,2,WW
46,11,2,31,0.0488,100,327,0.53,0.795,True,True,1.1102230246251565e-16,0.15900000000000003,0.10599999999999998,6,1,False,F4,F4,0.795,163.5,55.5,0.795,4,True,0.6605504587155964,False,,,0,
47,9,2,23,0.0919,32,107,0.59375,0.890625,True,True,1.1102230246251565e-16,0.17812499999999998,0.11875000000000002,6,1,False,W3,W3,0.890625,53.5,25.5,0.890625,7,True,0.5233644859813084,False,,,0,
50,9,3,23,0.0489,131,441,0.5419847328244275,0.8129770992366412,True,True,1.1102230246251565e-16,0.16259541984732817,0.10839694656488552,6,1,False,S3,S3,0.8129770992366412,220.5,81.5,0.8129770992366412,5,True,0.6303854875283447,True,0.5877862595419847,W1+W3,2,WW
52,12,3,36,0.0311,66,213,0.6212121212121212,0.9318181818181819,True,True,2.220446049250313e-16,0.1863636363636364,0.12424242424242427,6,1,False,F4,F4,0.9318181818181819,106.5,45.0,0.9318181818181819,9,True,0.5774647887323944,True,0.6212121212121212,W1+W2,1,WW
54,11,2,28,0.035,71,232,0.5633802816901409,0.8450704225352113,True,True,1.1102230246251565e-16,0.16901408450704225,0.11267605633802813,6,1,False,S1,S1,0.8450704225352113,116.0,41.0,0.8450704225352113,5,True,0.646551724137931,False,,,0,
57,9,2,22,0.0413,106,347,0.5283018867924528,0.7924528301886793,True,True,2.220446049250313e-16,0.1584905660377358,0.10566037735849065,6,1,False,S1,S1,0.7924528301886793,173.5,62.0,0.7924528301886793,5,True,0.6426512968299711,False,,,0,
58,10,3,27,0.041,118,383,0.5338983050847458,0.8008474576271186,True,True,0.0,0.1601694915254237,0.10677966101694913,6,1,False,S2,S2,0.8008474576271186,191.5,74.5,0.8008474576271186,4,True,0.6109660574412533,True,0.8220338983050848,W1+W3,1,WW
60,10,3,28,0.079,115,413,0.6347826086956522,0.9,True,True,0.0,0.19043478260869562,0.07478260869565223,6,2,True,W1,W3,0.9,206.5,64.5,0.9,6,True,0.6876513317191283,True,0.6,W2+W3,2,WW
61,9,4,24,0.0633,112,411,0.5714285714285714,0.8571428571428572,True,True,0.0,0.17142857142857149,0.11428571428571432,6,1,False,W2,W2,0.8571428571428572,205.5,44.0,0.8571428571428572,4,True,0.7858880778588808,True,0.8035714285714286,W2+W3,2,WW
63,11,4,34,0.0351,172,546,0.6046511627906976,0.9069767441860466,True,True,1.1102230246251565e-16,0.1813953488372093,0.12093023255813962,6,1,False,W1,W1,0.9069767441860466,273.0,114.0,0.9069767441860466,9,True,0.5824175824175825,True,0.5232558139534884,W2+W3,2,WW
67,9,2,21,0.164,80,290,0.48750000000000004,0.73125,True,True,1.1102230246251565e-16,0.14625,0.09749999999999992,6,1,False,S2,S2,0.73125,145.0,23.0,0.73125,3,True,0.8413793103448276,False,,,0,
68,9,2,21,0.0769,76,256,0.4473684210526315,0.6710526315789473,True,True,1.1102230246251565e-16,0.13421052631578945,0.08947368421052637,6,1,False,S1,S1,0.6710526315789473,128.0,27.0,0.6710526315789473,4,True,0.7890625,False,,,0,
71,10,2,24,0.0462,71,241,0.6056338028169015,0.9084507042253521,True,True,1.1102230246251565e-16,0.1816901408450704,0.12112676056338023,6,1,False,S1,S1,0.9084507042253521,120.5,50.75,0.9084507042253521,6,True,0.578838174273859,False,,,0,
74,9,3,23,0.1836,72,262,0.6388888888888888,0.9583333333333334,True,True,1.1102230246251565e-16,0.19166666666666676,0.12777777777777777,6,1,False,F2,F2,0.9583333333333334,131.0,59.0,0.9583333333333334,6,True,0.549618320610687,False,,,0,
75,9,2,22,0.0213,30,106,0.6,0.9,True,True,1.1102230246251565e-16,0.18000000000000005,0.12,6,1,False,F3,F3,0.9,53.0,19.5,0.9,6,True,0.6320754716981132,False,,,0,
79,10,4,27,0.0447,87,293,0.5747126436781609,0.8620689655172413,True,True,1.1102230246251565e-16,0.1724137931034483,0.11494252873563215,6,1,False,F1,F1,0.8620689655172413,146.5,50.0,0.8620689655172413,4,True,0.658703071672355,True,0.5517241379310345,W1+W2,1,WW
80,11,2,28,0.0329,58,187,0.5862068965517242,0.8793103448275862,True,True,2.220446049250313e-16,0.17586206896551715,0.11724137931034484,6,1,False,W3,W3,0.8793103448275862,93.5,31.5,0.8793103448275862,7,True,0.6631016042780749,False,,,0,
81,11,2,27,0.0356,97,336,0.48453608247422686,0.7268041237113403,True,True,2.220446049250313e-16,0.14536082474226797,0.09690721649484546,6,1,False,F3,F3,0.7268041237113403,168.0,23.5,0.7268041237113403,2,True,0.8601190476190477,False,,,0,
82,9,3,21,0.024,124,404,0.44354838709677424,0.6653225806451613,True,True,1.1102230246251565e-16,0.13306451612903225,0.08870967741935476,6,1,False,F2,F2,0.6653225806451613,202.0,39.0,0.6653225806451613,3,True,0.806930693069307,True,0.5403225806451613,W1+W2,2,WW
83,10,2,24,0.035,45,152,0.5777777777777777,0.8666666666666667,True,True,1.1102230246251565e-16,0.17333333333333334,0.11555555555555563,6,1,False,S1,S1,0.8666666666666667,76.0,30.0,0.8666666666666667,4,True,0.6052631578947368,False,,,0,
84,11,3,28,0.2004,146,590,0.773972602739726,0.839041095890411,True,True,1.1102230246251565e-16,0.03904109589041094,0.026027397260274032,6,1,False,W2,W2,0.839041095890411,295.0,10.0,0.839041095890411,3,True,0.9661016949152542,True,0.6438356164383562,W2+W4,1,WW
87,12,4,35,0.0698,142,484,0.6830985915492958,1.0,True,True,0.0,0.2049295774647888,0.11197183098591545,5,1,False,S2,S2,1.0,242.0,99.3333329,0.9999999971830986,9,True,0.5895316822314048,True,0.6971830985915493,W1+W4,1,WW
89,10,2,23,0.0369,74,264,0.5675675675675675,0.8513513513513513,True,True,2.220446049250313e-16,0.1702702702702703,0.11351351351351346,6,1,False,S3,S3,0.8513513513513513,132.0,46.0,0.8513513513513513,5,True,0.6515151515151515,False,,,0,
90,10,2,26,0.0691,108,358,0.5648148148148149,0.8472222222222222,True,True,2.220446049250313e-16,0.1694444444444444,0.11296296296296293,6,1,False,S1,S1,0.8472222222222222,179.0,56.25,0.8472222222222222,7,True,0.6857541899441341,False,,,0,
92,9,4,25,0.1759,137,521,0.6496350364963503,0.8321167883211679,True,True,0.0,0.1299270072992701,0.052554744525547425,6,1,False,W3,W3,0.8321167883211679,260.5,44.0,0.8321167883211679,3,True,0.8310940499040307,True,0.43795620437956206,W1+W3,2,WW
93,9,3,24,0.0609,100,344,0.6,0.7150000000000001,True,True,2.220446049250313e-16,0.07700000000000007,0.038000000000000034,6,2,True,W2,W1,0.7150000000000001,172.0,16.0,0.7150000000000001,3,True,0.9069767441860465,True,0.43000000000000005,W1+W3,2,WW
94,11,4,32,0.0597,129,411,0.627906976744186,0.9418604651162791,True,True,1.1102230246251565e-16,0.18837209302325575,0.12558139534883728,6,1,False,W3,W3,0.9418604651162791,205.5,115.25,0.9418604651162791,9,True,0.4391727493917275,True,0.7054263565891472,W1+W2,1,WW
97,10,3,28,0.0248,151,479,0.48344370860927155,0.7251655629139073,True,True,1.1102230246251565e-16,0.1450331125827814,0.09668874172185438,6,1,False,S3,S3,0.7251655629139073,239.5,67.5,0.7251655629139073,6,True,0.7181628392484343,True,0.7615894039735099,W1+W4,1,WW
98,9,3,23,0.1187,128,432,0.484375,0.7265625,True,True,1.1102230246251565e-16,0.14531249999999996,0.09687500000000004,6,1,False,F2,F2,0.7265625,216.0,61.0,0.7265625,4,True,0.7175925925925926,True,0.609375,W2+W3,1,WW
105,11,4,34,0.0769,185,624,0.6054054054054054,0.9081081081081082,True,True,1.1102230246251565e-16,0.18162162162162154,0.12108108108108118,6,1,False,S1,S1,0.9081081081081082,312.0,137.0,0.9081081081081082,6,True,0.5608974358974359,True,0.6972972972972973,W1+W3,1,WW
106,9,4,26,0.0607,131,436,0.5725190839694656,0.8587786259541985,True,True,1.1102230246251565e-16,0.1717557251908397,0.11450381679389321,6,1,False,F1,F1,0.8587786259541985,218.0,101.5,0.8587786259541985,6,True,0.5344036697247706,True,0.6106870229007634,W1+W2,2,WW
108,10,2,25,0.0355,87,284,0.632183908045977,0.9482758620689655,True,True,1.1102230246251565e-16,0.18965517241379315,0.12643678160919536,6,1,False,W3,W3,0.9482758620689655,142.0,74.0,0.9482758620689655,9,True,0.4788732394366197,False,,,0,
110,11,2,28,0.0536,43,146,0.4883720930232558,0.7325581395348837,True,True,1.1102230246251565e-16,0.1465116279069768,0.09767441860465109,6,1,False,S1,S1,0.7325581395348837,73.0,12.0,0.7325581395348837,3,True,0.8356164383561644,False,,,0,
116,12,3,36,0.0553,104,373,0.5288461538461539,0.7932692307692308,True,True,1.1102230246251565e-16,0.15865384615384615,0.10576923076923084,6,1,False,F1,F1,0.7932692307692308,186.5,27.5,0.7932692307692308,2,True,0.8525469168900804,False,,,0,
118,10,3,26,0.0207,90,311,0.5888888888888889,0.8777777777777778,True,True,0.0,0.17666666666666664,0.11222222222222222,6,2,True,S2,W2,0.8777777777777778,155.5,64.5,0.8777777777777778,8,True,0.5852090032154341,True,0.5777777777777777,W1+W2,1,WW
