gamma,index,status,lp_spend,ip_spend,gap
1,0,Optimal,0.0,0.0,0.0
1,1,Optimal,0.0,0.0,0.0
1,2,Optimal,209.0,210.0,1.0
1,3,Optimal,0.0,0.0,0.0
1,4,Optimal,87.0,87.0,0.0
1,5,Optimal,8.0,8.0,0.0
1,6,Optimal,110.0,110.0,0.0
1,7,Optimal,31.0,31.0,0.0
1,8,Optimal,83.0,83.0,0.0
1,9,Optimal,114.0,114.0,0.0
1,10,Optimal,30.0,30.0,0.0
1,11,Optimal,47.0,47.0,0.0
1,12,Optimal,54.0,54.0,0.0
1,13,Optimal,44.0,44.0,0.0
1,14,Optimal,16.0,16.0,0.0
1,15,Optimal,6.0,6.0,0.0
1,16,Optimal,31.0,31.0,0.0
1,17,Optimal,0.0,0.0,0.0
1,18,Optimal,0.0,0.0,0.0
1,19,Optimal,90.0,90.0,0.0
1,20,Optimal,291.5,292.0,0.5
1,21,Optimal,161.0,161.0,0.0
1,22,Optimal,0.0,0.0,0.0
1,23,Optimal,0.0,0.0,0.0
1,24,Optimal,20.0,20.0,0.0
1,25,Optimal,1.0,1.0,0.0
1,26,Optimal,0.0,0.0,0.0
1,27,Optimal,0.0,0.0,0.0
1,28,Optimal,0.0,0.0,0.0
1,29,Optimal,172.0,172.0,0.0
1,30,Optimal,6.0,6.0,0.0
1,31,Optimal,0.0,0.0,0.0
1,32,Optimal,7.0,7.0,0.0
1,33,Optimal,0.0,0.0,0.0
1,34,Optimal,21.0,21.0,0.0
1,35,Optimal,201.5,202.0,0.5
1,36,Optimal,10.0,10.0,0.0
1,37,Optimal,0.0,0.0,0.0
1,38,Optimal,102.5,103.0,0.5
1,39,Optimal,6.0,6.0,0.0
1,40,Optimal,10.0,10.0,0.0
1,41,Optimal,0.0,0.0,0.0
1,42,Optimal,32.0,32.0,0.0
1,43,Optimal,193.3333326,194.0,0.6666673999999944
1,44,Optimal,48.0,48.0,0.0
1,45,Optimal,0.0,0.0,0.0
1,46,Optimal,163.0,163.0,0.0
1,47,Optimal,0.0,0.0,0.0
1,48,Optimal,0.0,0.0,0.0
1,49,Optimal,0.0,0.0,0.0
1,50,Optimal,100.0,100.0,0.0
1,51,Optimal,0.0,0.0,0.0
1,52,Optimal,0.0,0.0,0.0
1,53,Optimal,0.0,0.0,0.0
1,54,Optimal,0.0,0.0,0.0
1,55,Optimal,0.0,0.0,0.0
1,56,Optimal,0.0,0.0,0.0
1,57,Optimal,10.0,10.0,0.0
1,58,Optimal,5.0,5.0,0.0
1,59,Optimal,0.0,0.0,0.0
1,60,Optimal,16.0,16.0,0.0
1,61,Optimal,163.0,163.0,0.0
1,62,Optimal,20.0,20.0,0.0
1,63,Optimal,165.0,165.0,0.0
1,64,Optimal,23.0,23.0,0.0
1,65,Optimal,65.0,65.0,0.0
1,66,Optimal,0.0,0.0,0.0
1,67,Optimal,89.0,89.0,0.0
1,68,Optimal,0.0,0.0,0.0
1,69,Optimal,220.833332,222.0,1.1666679999999872
1,70,Optimal,124.0,124.0,0.0
1,71,Optimal,20.0,20.0,0.0
1,72,Optimal,0.0,0.0,0.0
1,73,Optimal,79.0,79.0,0.0
1,74,Optimal,0.0,0.0,0.0
1,75,Optimal,97.0,97.0,0.0
1,76,Optimal,171.0,171.0,0.0
1,77,Optimal,0.0,0.0,0.0
1,78,Optimal,70.0,70.0,0.0
1,79,Optimal,0.0,0.0,0.0
1,80,Optimal,26.0,26.0,0.0
1,81,Optimal,0.0,0.0,0.0
1,82,Optimal,0.0,0.0,0.0
1,83,Optimal,83.0,83.0,0.0
1,84,Optimal,14.0,14.0,0.0
1,85,Optimal,51.0,51.0,0.0
1,86,Optimal,0.0,0.0,0.0
1,87,Optimal,0.0,0.0,0.0
1,88,Optimal,10.0,10.0,0.0
1,89,Optimal,0.0,0.0,0.0
1,90,Optimal,154.0,154.0,0.0
1,91,Optimal,127.0,127.0,0.0
1,92,Optimal,109.0,109.0,0.0
1,93,Optimal,15.0,15.0,0.0
1,94,Optimal,0.0,0.0,0.0
1,95,Optimal,43.0,43.0,0.0
1,96,Optimal,0.0,0.0,0.0
1,97,Optimal,20.0,20.0,0.0
1,98,Optimal,0.0,0.0,0.0
1,99,Optimal,42.0,42.0,0.0
1,100,Optimal,22.0,22.0,0.0
1,101,Optimal,275.6666674,276.0,0.33333260000000564
1,102,Optimal,73.0,73.0,0.0
1,103,Optimal,46.0,46.0,0.0
1,104,Optimal,4.0,4.0,0.0
1,105,Optimal,0.0,0.0,0.0
1,106,Optimal,0.0,0.0,0.0
1,107,Optimal,60.0,60.0,0.0
1,108,Optimal,47.0,47.0,0.0
1,109,Optimal,15.0,15.0,0.0
1,110,Optimal,120.0,120.0,0.0
1,111,Optimal,43.0,43.0,0.0
1,112,Optimal,82.0,82.0,0.0
1,113,Optimal,14.0,14.0,0.0
1,114,Optimal,165.0,165.0,0.0
1,115,Optimal,0.0,0.0,0.0
1,116,Optimal,48.0,48.0,0.0
1,117,Optimal,0.0,0.0,0.0
1,118,Optimal,0.0,0.0,0.0
1,119,Optimal,34.0,34.0,0.0
1,120,Optimal,103.0,103.0,0.0
1,121,Optimal,33.0,33.0,0.0
1,122,Optimal,66.0,66.0,0.0
1,123,Optimal,16.0,16.0,0.0
1,124,Optimal,61.0,61.0,0.0
1,125,Optimal,0.0,0.0,0.0
1,126,Optimal,0.0,0.0,0.0
1,127,Optimal,11.0,11.0,0.0
1,128,Optimal,146.0,146.0,0.0
1,129,Optimal,0.0,0.0,0.0
1,130,Optimal,96.0,96.0,0.0
1,131,Optimal,13.0,13.0,0.0
1,132,Optimal,2.0,2.0,0.0
1,133,Optimal,29.0,29.0,0.0
1,134,Optimal,158.0,158.0,0.0
1,135,Optimal,0.0,0.0,0.0
1,136,Optimal,44.0,44.0,0.0
1,137,Optimal,59.0,59.0,0.0
1,138,Optimal,0.0,0.0,0.0
1,139,Optimal,1.0,1.0,0.0
1,140,Optimal,0.0,0.0,0.0
1,141,Optimal,9.0,9.0,0.0
1,142,Optimal,58.0,58.0,0.0
1,143,Optimal,31.0,31.0,0.0
1,144,Optimal,0.0,0.0,0.0
1,145,Optimal,43.0,43.0,0.0
1,146,Optimal,6.0,6.0,0.0
1,147,Optimal,91.0,91.0,0.0
1,148,Optimal,105.0,105.0,0.0
1,149,Optimal,0.0,0.0,0.0
1,150,Optimal,0.0,0.0,0.0
1,151,Optimal,0.0,0.0,0.0
1,152,Optimal,0.0,0.0,0.0
1,153,Optimal,0.0,0.0,0.0
1,154,Optimal,4.0,4.0,0.0
1,155,Optimal,27.0,27.0,0.0
1,156,Optimal,7.0,7.0,0.0
1,157,Optimal,9.0,9.0,0.0
1,158,Optimal,24.0,24.0,0.0
1,159,Optimal,298.0,298.0,0.0
1,160,Optimal,132.5,133.0,0.5
1,161,Optimal,0.0,0.0,0.0
1,162,Optimal,20.0,20.0,0.0
1,163,Optimal,43.0,43.0,0.0
1,164,Optimal,37.0,37.0,0.0
1,165,Optimal,127.0,127.0,0.0
1,166,Optimal,0.0,0.0,0.0
1,167,Optimal,34.0,34.0,0.0
1,168,Optimal,52.0,52.0,0.0
1,169,Optimal,36.5,37.0,0.5
1,170,Optimal,78.0,78.0,0.0
1,171,Optimal,0.0,0.0,0.0
1,172,Optimal,0.0,0.0,0.0
1,173,Optimal,0.0,0.0,0.0
1,174,Optimal,207.0,207.0,0.0
1,175,Optimal,0.0,0.0,0.0
1,176,Optimal,133.3333323,134.0,0.666667700000005
1,177,Optimal,20.0,20.0,0.0
1,178,Optimal,12.0,12.0,0.0
1,179,Optimal,0.0,0.0,0.0
1,180,Optimal,53.0,53.0,0.0
1,181,Optimal,94.5,95.0,0.5
1,182,Optimal,300.0,300.0,0.0
1,183,Optimal,41.0,41.0,0.0
1,184,Optimal,0.0,0.0,0.0
1,185,Optimal,16.0,16.0,0.0
1,186,Optimal,111.5,112.0,0.5
1,187,Optimal,332.0,332.0,0.0
1,188,Optimal,3.0,3.0,0.0
1,189,Optimal,26.0,26.0,0.0
1,190,Optimal,30.0,30.0,0.0
1,191,Optimal,0.0,0.0,0.0
1,192,Optimal,0.0,0.0,0.0
1,193,Optimal,0.0,0.0,0.0
1,194,Optimal,0.0,0.0,0.0
1,195,Optimal,17.0,17.0,0.0
1,196,Optimal,0.0,0.0,0.0
1,197,Optimal,0.0,0.0,0.0
1,198,Optimal,88.0,88.0,0.0
1,199,Optimal,114.0,114.0,0.0
1,200,Optimal,0.0,0.0,0.0
1,201,Optimal,198.5,199.0,0.5
1,202,Optimal,0.0,0.0,0.0
1,203,Optimal,0.0,0.0,0.0
1,204,Optimal,4.0,4.0,0.0
1,205,Optimal,0.0,0.0,0.0
1,206,Optimal,0.0,0.0,0.0
1,207,Optimal,1.0,1.0,0.0
1,208,Optimal,17.0,17.0,0.0
1,209,Optimal,0.0,0.0,0.0
1,210,Optimal,96.0,96.0,0.0
1,211,Optimal,0.0,0.0,0.0
1,212,Optimal,46.0,46.0,0.0
1,213,Optimal,79.0,79.0,0.0
1,214,Optimal,102.0,102.0,0.0
1,215,Optimal,148.5,149.0,0.5
1,216,Optimal,0.0,0.0,0.0
1,217,Optimal,0.0,0.0,0.0
1,218,Optimal,0.0,0.0,0.0
1,219,Optimal,44.0,44.0,0.0
1,220,Optimal,26.0,26.0,0.0
1,221,Optimal,33.0,33.0,0.0
1,222,Optimal,41.0,41.0,0.0
1,223,Optimal,143.0,143.0,0.0
1,224,Optimal,0.0,0.0,0.0
1,225,Optimal,23.0,23.0,0.0
1,226,Optimal,0.0,0.0,0.0
1,227,Optimal,75.0,75.0,0.0
1,228,Optimal,0.0,0.0,0.0
1,229,Optimal,0.0,0.0,0.0
1,230,Optimal,181.0,181.0,0.0
1,231,Optimal,0.0,0.0,0.0
1,232,Optimal,25.0,25.0,0.0
1,233,Optimal,0.0,0.0,0.0
1,234,Optimal,204.3333323,205.0,0.666667700000005
1,235,Optimal,0.0,0.0,0.0
1,236,Optimal,71.0,71.0,0.0
1,237,Optimal,0.0,0.0,0.0
1,238,Optimal,25.0,25.0,0.0
1,239,Optimal,34.0,34.0,0.0
1,240,Optimal,3.0,3.0,0.0
1,241,Optimal,134.5,135.0,0.5
1,242,Optimal,2.0,2.0,0.0
1,243,Optimal,18.0,18.0,0.0
1,244,Optimal,62.0,62.0,0.0
1,245,Optimal,34.0,34.0,0.0
1,246,Optimal,37.0,37.0,0.0
1,247,Optimal,66.0,66.0,0.0
1,248,Optimal,10.0,10.0,0.0
1,249,Optimal,10.0,10.0,0.0
1,250,Optimal,0.0,0.0,0.0
1,251,Optimal,0.0,0.0,0.0
1,252,Optimal,58.3333329,59.0,0.666667099999998
1,253,Optimal,0.0,0.0,0.0
1,254,Optimal,0.0,0.0,0.0
1,255,Optimal,109.0,109.0,0.0
1,256,Optimal,8.0,8.0,0.0
1,257,Optimal,0.0,0.0,0.0
1,258,Optimal,0.0,0.0,0.0
1,259,Optimal,144.0,144.0,0.0
1,260,Optimal,0.0,0.0,0.0
1,261,Optimal,21.0,21.0,0.0
1,262,Optimal,0.0,0.0,0.0
1,263,Optimal,0.0,0.0,0.0
1,264,Optimal,50.0,50.0,0.0
1,265,Optimal,62.0,62.0,0.0
1,266,Optimal,53.0,53.0,0.0
1,267,Optimal,16.0,16.0,0.0
1,268,Optimal,7.0,7.0,0.0
1,269,Optimal,111.5,112.0,0.5
1,270,Optimal,129.0,129.0,0.0
1,271,Optimal,11.0,11.0,0.0
1,272,Optimal,114.0,114.0,0.0
1,273,Optimal,42.0,42.0,0.0
1,274,Optimal,0.0,0.0,0.0
1,275,Optimal,23.0,23.0,0.0
1,276,Optimal,72.0,72.0,0.0
1,277,Optimal,0.0,0.0,0.0
1,278,Optimal,0.0,0.0,0.0
1,279,Optimal,0.0,0.0,0.0
1,280,Optimal,86.0,86.0,0.0
1,281,Optimal,0.0,0.0,0.0
1,282,Optimal,6.0,6.0,0.0
1,283,Optimal,4.0,4.0,0.0
1,284,Optimal,12.0,12.0,0.0
1,285,Optimal,88.0,88.0,0.0
1,286,Optimal,0.0,0.0,0.0
1,287,Optimal,42.5,43.0,0.5
1,288,Optimal,112.0,112.0,0.0
1,289,Optimal,1.0,1.0,0.0
1,290,Optimal,38.0,38.0,0.0
1,291,Optimal,23.0,23.0,0.0
1,292,Optimal,0.0,0.0,0.0
1,293,Optimal,191.0,191.0,0.0
1,294,Optimal,88.0,88.0,0.0
1,295,Optimal,86.0,86.0,0.0
1,296,Optimal,202.5,203.0,0.5
1,297,Optimal,128.0,128.0,0.0
1,298,Optimal,0.0,0.0,0.0
1,299,Optimal,80.0,80.0,0.0
1,300,Optimal,0.0,0.0,0.0
1,301,Optimal,0.0,0.0,0.0
1,302,Optimal,197.0,197.0,0.0
1,303,Optimal,281.5,282.0,0.5
1,304,Optimal,122.0,122.0,0.0
1,305,Optimal,0.0,0.0,0.0
1,306,Optimal,0.0,0.0,0.0
1,307,Optimal,0.0,0.0,0.0
1,308,Optimal,118.0,118.0,0.0
1,309,Optimal,0.0,0.0,0.0
1,310,Optimal,0.0,0.0,0.0
1,311,Optimal,57.0,57.0,0.0
1,312,Optimal,33.0,33.0,0.0
1,313,Optimal,11.0,11.0,0.0
1,314,Optimal,25.0,25.0,0.0
1,315,Optimal,0.0,0.0,0.0
1,316,Optimal,5.0,5.0,0.0
1,317,Optimal,0.0,0.0,0.0
1,318,Optimal,0.0,0.0,0.0
1,319,Optimal,300.0,300.0,0.0
1,320,Optimal,0.0,0.0,0.0
1,321,Optimal,2.0,2.0,0.0
1,322,Optimal,0.0,0.0,0.0
1,323,Optimal,17.0,17.0,0.0
1,324,Optimal,0.0,0.0,0.0
1,325,Optimal,53.0,53.0,0.0
1,326,Optimal,0.0,0.0,0.0
1,327,Optimal,0.0,0.0,0.0
1,328,Optimal,69.0,69.0,0.0
1,329,Optimal,105.66666769999999,106.0,0.33333230000000924
1,330,Optimal,51.0,51.0,0.0
1,331,Optimal,0.0,0.0,0.0
1,332,Optimal,52.0,52.0,0.0
1,333,Optimal,35.0,35.0,0.0
1,334,Optimal,0.0,0.0,0.0
1,335,Optimal,0.0,0.0,0.0
1,336,Optimal,61.0,61.0,0.0
1,337,Optimal,105.0,105.0,0.0
1,338,Optimal,265.0,265.0,0.0
1,339,Optimal,0.0,0.0,0.0
1,340,Optimal,0.0,0.0,0.0
1,341,Optimal,0.0,0.0,0.0
1,342,Optimal,141.5,142.0,0.5
1,343,Optimal,122.0,122.0,0.0
1,344,Optimal,287.0,287.0,0.0
1,345,Optimal,40.0,40.0,0.0
1,346,Optimal,78.5,79.0,0.5
1,347,Optimal,105.0,105.0,0.0
1,348,Optimal,0.0,0.0,0.0
1,349,Optimal,58.0,58.0,0.0
1,350,Optimal,0.0,0.0,0.0
1,351,Optimal,0.0,0.0,0.0
1,352,Optimal,0.0,0.0,0.0
1,353,Optimal,18.0,18.0,0.0
1,354,Optimal,88.0,88.0,0.0
1,355,Optimal,0.0,0.0,0.0
1,356,Optimal,0.0,0.0,0.0
1,357,Optimal,71.0,71.0,0.0
1,358,Optimal,0.0,0.0,0.0
1,359,Optimal,10.0,10.0,0.0
1,360,Optimal,42.0,42.0,0.0
1,361,Optimal,40.0,40.0,0.0
1,362,Optimal,49.0,49.0,0.0
1,363,Optimal,0.0,0.0,0.0
1,364,Optimal,73.0,73.0,0.0
1,365,Optimal,11.0,11.0,0.0
1,366,Optimal,4.0,4.0,0.0
1,367,Optimal,48.0,48.0,0.0
1,368,Optimal,54.0,54.0,0.0
1,369,Optimal,0.0,0.0,0.0
1,370,Optimal,57.0,57.0,0.0
1,371,Optimal,10.0,10.0,0.0
1,372,Optimal,173.0,173.0,0.0
1,373,Optimal,0.0,0.0,0.0
1,374,Optimal,16.0,16.0,0.0
1,375,Optimal,0.0,0.0,0.0
1,376,Optimal,0.0,0.0,0.0
1,377,Optimal,132.0,132.0,0.0
1,378,Optimal,79.0,79.0,0.0
1,379,Optimal,96.0,96.0,0.0
1,380,Optimal,1.0,1.0,0.0
1,381,Optimal,189.0,190.0,1.0
1,382,Optimal,26.0,26.0,0.0
1,383,Optimal,84.0,84.0,0.0
1,384,Optimal,0.0,0.0,0.0
1,385,Optimal,0.0,0.0,0.0
1,386,Optimal,0.0,0.0,0.0
1,387,Optimal,63.0,63.0,0.0
1,388,Optimal,0.0,0.0,0.0
1,389,Optimal,0.0,0.0,0.0
1,390,Optimal,6.0,6.0,0.0
1,391,Optimal,0.0,0.0,0.0
1,392,Optimal,43.0,43.0,0.0
1,393,Optimal,0.0,0.0,0.0
1,394,Optimal,2.0,2.0,0.0
1,395,Optimal,85.0,85.0,0.0
1,396,Optimal,0.0,0.0,0.0
1,397,Optimal,68.0,68.0,0.0
1,398,Optimal,49.0,49.0,0.0
1,399,Optimal,0.0,0.0,0.0
1,400,Optimal,180.0,180.0,0.0
1,401,Optimal,0.0,0.0,0.0
1,402,Optimal,0.0,0.0,0.0
1,403,Optimal,0.0,0.0,0.0
1,404,Optimal,0.0,0.0,0.0
1,405,Optimal,74.0,74.0,0.0
1,406,Optimal,0.0,0.0,0.0
1,407,Optimal,8.0,8.0,0.0
1,408,Optimal,27.0,27.0,0.0
1,409,Optimal,0.0,0.0,0.0
1,410,Optimal,0.0,0.0,0.0
1,411,Optimal,42.0,42.0,0.0
1,412,Optimal,6.0,6.0,0.0
1,413,Optimal,291.0,291.0,0.0
1,414,Optimal,305.5,307.0,1.5
1,415,Optimal,0.0,0.0,0.0
1,416,Optimal,0.0,0.0,0.0
1,417,Optimal,3.0,3.0,0.0
1,418,Optimal,5.0,5.0,0.0
1,419,Optimal,10.0,10.0,0.0
1,420,Optimal,164.5,165.0,0.5
1,421,Optimal,12.0,12.0,0.0
1,422,Optimal,0.0,0.0,0.0
1,423,Optimal,0.0,0.0,0.0
1,424,Optimal,34.0,34.0,0.0
1,425,Optimal,0.0,0.0,0.0
1,426,Optimal,51.0,51.0,0.0
1,427,Optimal,199.0,200.0,1.0
1,428,Optimal,0.0,0.0,0.0
1,429,Optimal,26.0,26.0,0.0
1,430,Optimal,41.0,41.0,0.0
1,431,Optimal,2.0,2.0,0.0
1,432,Optimal,25.0,25.0,0.0
1,433,Optimal,0.0,0.0,0.0
1,434,Optimal,0.0,0.0,0.0
1,435,Optimal,29.0,29.0,0.0
1,436,Optimal,0.0,0.0,0.0
1,437,Optimal,62.0,62.0,0.0
1,438,Optimal,13.0,13.0,0.0
1,439,Optimal,4.0,4.0,0.0
1,440,Optimal,406.0,406.0,0.0
1,441,Optimal,0.0,0.0,0.0
1,442,Optimal,71.0,71.0,0.0
1,443,Optimal,44.0,44.0,0.0
1,444,Optimal,16.0,16.0,0.0
1,445,Optimal,11.0,11.0,0.0
1,446,Optimal,154.5,155.0,0.5
1,447,Optimal,17.0,17.0,0.0
1,448,Optimal,0.0,0.0,0.0
1,449,Optimal,95.0,95.0,0.0
1,450,Optimal,17.0,17.0,0.0
1,451,Optimal,0.0,0.0,0.0
1,452,Optimal,48.0,48.0,0.0
1,453,Optimal,0.0,0.0,0.0
1,454,Optimal,0.0,0.0,0.0
1,455,Optimal,0.0,0.0,0.0
1,456,Optimal,7.0,7.0,0.0
1,457,Optimal,211.0,211.0,0.0
1,458,Optimal,3.0,3.0,0.0
1,459,Optimal,50.5,51.0,0.5
1,460,Optimal,0.0,0.0,0.0
1,461,Optimal,35.0,35.0,0.0
1,462,Optimal,0.0,0.0,0.0
1,463,Optimal,110.5,111.0,0.5
1,464,Optimal,0.0,0.0,0.0
1,465,Optimal,99.5,100.0,0.5
1,466,Optimal,0.0,0.0,0.0
1,467,Optimal,136.0,136.0,0.0
1,468,Optimal,34.0,34.0,0.0
1,469,Optimal,0.0,0.0,0.0
1,470,Optimal,107.0,107.0,0.0
1,471,Optimal,279.0,279.0,0.0
1,472,Optimal,0.0,0.0,0.0
1,473,Optimal,0.0,0.0,0.0
1,474,Optimal,54.0,54.0,0.0
1,475,Optimal,84.0,84.0,0.0
1,476,Optimal,224.5,225.0,0.5
1,477,Optimal,1.0,1.0,0.0
1,478,Optimal,0.0,0.0,0.0
1,479,Optimal,0.0,0.0,0.0
1,480,Optimal,0.0,0.0,0.0
1,481,Optimal,17.0,17.0,0.0
1,482,Optimal,64.0,64.0,0.0
1,483,Optimal,176.0,176.0,0.0
1,484,Optimal,0.0,0.0,0.0
1,485,Optimal,0.0,0.0,0.0
1,486,Optimal,25.0,25.0,0.0
1,487,Optimal,145.0,145.0,0.0
1,488,Optimal,38.0,38.0,0.0
1,489,Optimal,23.5,24.0,0.5
1,490,Optimal,41.0,41.0,0.0
1,491,Optimal,293.0,294.0,1.0
1,492,Optimal,0.0,0.0,0.0
1,493,Optimal,45.0,45.0,0.0
1,494,Optimal,40.0,40.0,0.0
1,495,Optimal,102.0,102.0,0.0
1,496,Optimal,136.0,136.0,0.0
1,497,Optimal,0.0,0.0,0.0
1,498,Optimal,8.0,8.0,0.0
1,499,Optimal,0.0,0.0,0.0
1,500,Optimal,31.0,31.0,0.0
1,501,Optimal,0.0,0.0,0.0
1,502,Optimal,0.0,0.0,0.0
1,503,Optimal,28.0,28.0,0.0
1,504,Optimal,20.0,20.0,0.0
1,505,Optimal,0.0,0.0,0.0
1,506,Optimal,26.0,26.0,0.0
1,507,Optimal,0.0,0.0,0.0
1,508,Optimal,0.0,0.0,0.0
1,509,Optimal,73.0,73.0,0.0
1,510,Optimal,172.0,172.0,0.0
1,511,Optimal,0.0,0.0,0.0
1,512,Optimal,0.0,0.0,0.0
1,513,Optimal,0.0,0.0,0.0
1,514,Optimal,174.3333323,175.0,0.666667700000005
1,515,Optimal,198.0,199.0,1.0
1,516,Optimal,15.0,15.0,0.0
1,517,Optimal,0.0,0.0,0.0
1,518,Optimal,4.0,4.0,0.0
1,519,Optimal,256.0,256.0,0.0
1,520,Optimal,0.0,0.0,0.0
1,521,Optimal,0.0,0.0,0.0
1,522,Optimal,0.0,0.0,0.0
1,523,Optimal,57.0,57.0,0.0
1,524,Optimal,27.0,27.0,0.0
1,525,Optimal,0.0,0.0,0.0
1,526,Optimal,39.0,39.0,0.0
1,527,Optimal,0.0,0.0,0.0
1,528,Optimal,58.0,58.0,0.0
1,529,Optimal,0.0,0.0,0.0
1,530,Optimal,24.0,24.0,0.0
1,531,Optimal,12.0,12.0,0.0
1,532,Optimal,0.0,0.0,0.0
1,533,Optimal,22.0,22.0,0.0
1,534,Optimal,0.0,0.0,0.0
1,535,Optimal,0.0,0.0,0.0
1,536,Optimal,29.0,29.0,0.0
1,537,Optimal,0.0,0.0,0.0
1,538,Optimal,16.0,16.0,0.0
1,539,Optimal,142.5,143.0,0.5
1,540,Optimal,5.0,5.0,0.0
1,541,Optimal,48.0,48.0,0.0
1,542,Optimal,22.0,22.0,0.0
1,543,Optimal,0.0,0.0,0.0
1,544,Optimal,44.0,44.0,0.0
1,545,Optimal,17.5,18.0,0.5
1,546,Optimal,0.0,0.0,0.0
1,547,Optimal,23.0,23.0,0.0
1,548,Optimal,0.0,0.0,0.0
1,549,Optimal,148.0,148.0,0.0
1,550,Optimal,106.0,106.0,0.0
1,551,Optimal,0.0,0.0,0.0
1,552,Optimal,0.0,0.0,0.0
1,553,Optimal,0.0,0.0,0.0
1,554,Optimal,0.0,0.0,0.0
1,555,Optimal,237.0,238.0,1.0
1,556,Optimal,15.0,15.0,0.0
1,557,Optimal,6.0,6.0,0.0
1,558,Optimal,0.0,0.0,0.0
1,559,Optimal,78.0,78.0,0.0
1,560,Optimal,0.0,0.0,0.0
1,561,Optimal,0.0,0.0,0.0
1,562,Optimal,199.6666677,200.0,0.33333229999999503
1,563,Optimal,0.0,0.0,0.0
1,564,Optimal,30.0,30.0,0.0
1,565,Optimal,0.0,0.0,0.0
1,566,Optimal,13.0,13.0,0.0
1,567,Optimal,16.5,17.0,0.5
1,568,Optimal,3.0,3.0,0.0
1,569,Optimal,0.0,0.0,0.0
1,570,Optimal,106.0,106.0,0.0
1,571,Optimal,2.0,2.0,0.0
1,572,Optimal,0.0,0.0,0.0
1,573,Optimal,167.0,167.0,0.0
1,574,Optimal,0.0,0.0,0.0
1,575,Optimal,73.0,73.0,0.0
1,576,Optimal,0.0,0.0,0.0
1,577,Optimal,0.0,0.0,0.0
1,578,Optimal,32.0,32.0,0.0
1,579,Optimal,283.0,283.0,0.0
1,580,Optimal,68.0,68.0,0.0
1,581,Optimal,81.0,81.0,0.0
1,582,Optimal,110.0,111.0,1.0
1,583,Optimal,33.0,33.0,0.0
1,584,Optimal,0.0,0.0,0.0
1,585,Optimal,22.0,22.0,0.0
1,586,Optimal,48.0,48.0,0.0
1,587,Optimal,10.0,10.0,0.0
1,588,Optimal,46.0,46.0,0.0
1,589,Optimal,0.0,0.0,0.0
1,590,Optimal,56.0,56.0,0.0
1,591,Optimal,44.0,44.0,0.0
1,592,Optimal,52.5,53.0,0.5
1,593,Optimal,195.5,196.0,0.5
1,594,Optimal,175.5,176.0,0.5
1,595,Optimal,63.5,64.0,0.5
1,596,Optimal,4.0,4.0,0.0
1,597,Optimal,0.0,0.0,0.0
1,598,Optimal,14.0,14.0,0.0
1,599,Optimal,16.0,16.0,0.0
1,600,Optimal,0.0,0.0,0.0
1,601,Optimal,24.0,24.0,0.0
1,602,Optimal,9.0,9.0,0.0
1,603,Optimal,140.6666677,141.0,0.33333229999999503
1,604,Optimal,107.0,107.0,0.0
1,605,Optimal,0.0,0.0,0.0
1,606,Optimal,0.0,0.0,0.0
1,607,Optimal,0.0,0.0,0.0
1,608,Optimal,88.0,88.0,0.0
1,609,Optimal,0.0,0.0,0.0
1,610,Optimal,39.0,39.0,0.0
1,611,Optimal,4.0,4.0,0.0
1,612,Optimal,0.0,0.0,0.0
1,613,Optimal,54.0,54.0,0.0
1,614,Optimal,34.0,34.0,0.0
1,615,Optimal,0.0,0.0,0.0
1,616,Optimal,32.0,32.0,0.0
1,617,Optimal,59.0,59.0,0.0
1,618,Optimal,67.0,67.0,0.0
1,619,Optimal,16.0,16.0,0.0
1,620,Optimal,0.0,0.0,0.0
1,621,Optimal,0.0,0.0,0.0
1,622,Optimal,0.0,0.0,0.0
1,623,Optimal,0.0,0.0,0.0
1,624,Optimal,123.0,123.0,0.0
1,625,Optimal,0.0,0.0,0.0
1,626,Optimal,24.0,24.0,0.0
1,627,Optimal,0.0,0.0,0.0
1,628,Optimal,18.0,18.0,0.0
1,629,Optimal,0.0,0.0,0.0
1,630,Optimal,28.0,28.0,0.0
1,631,Optimal,0.0,0.0,0.0
1,632,Optimal,33.0,33.0,0.0
1,633,Optimal,154.83333233,156.0,1.1666676700000096
1,634,Optimal,0.0,0.0,0.0
1,635,Optimal,0.0,0.0,0.0
1,636,Optimal,5.0,5.0,0.0
1,637,Optimal,15.0,15.0,0.0
1,638,Optimal,68.5,69.0,0.5
1,639,Optimal,0.0,0.0,0.0
1,640,Optimal,253.0,253.0,0.0
1,641,Optimal,19.0,19.0,0.0
1,642,Optimal,250.0,250.0,0.0
1,643,Optimal,10.0,10.0,0.0
1,644,Optimal,57.0,57.0,0.0
1,645,Optimal,99.5,100.0,0.5
1,646,Optimal,0.0,0.0,0.0
1,647,Optimal,0.0,0.0,0.0
1,648,Optimal,81.0,81.0,0.0
1,649,Optimal,29.0,29.0,0.0
1,650,Optimal,289.3333323,290.0,0.666667700000005
1,651,Optimal,0.0,0.0,0.0
1,652,Optimal,0.0,0.0,0.0
1,653,Optimal,20.0,20.0,0.0
1,654,Optimal,0.0,0.0,0.0
1,655,Optimal,0.0,0.0,0.0
1,656,Optimal,27.0,27.0,0.0
1,657,Optimal,157.0,157.0,0.0
1,658,Optimal,8.0,8.0,0.0
1,659,Optimal,0.0,0.0,0.0
1,660,Optimal,0.0,0.0,0.0
1,661,Optimal,80.0,80.0,0.0
1,662,Optimal,106.0,106.0,0.0
1,663,Optimal,11.0,11.0,0.0
1,664,Optimal,135.0,135.0,0.0
1,665,Optimal,25.0,25.0,0.0
1,666,Optimal,69.0,69.0,0.0
1,667,Optimal,0.0,0.0,0.0
1,668,Optimal,69.0,69.0,0.0
1,669,Optimal,0.0,0.0,0.0
1,670,Optimal,211.0,212.0,1.0
1,671,Optimal,47.0,47.0,0.0
1,672,Optimal,87.0,87.0,0.0
1,673,Optimal,0.0,0.0,0.0
1,674,Optimal,211.0,211.0,0.0
1,675,Optimal,0.0,0.0,0.0
1,676,Optimal,82.0,82.0,0.0
1,677,Optimal,14.0,14.0,0.0
1,678,Optimal,170.5,171.0,0.5
1,679,Optimal,11.0,11.0,0.0
1,680,Optimal,149.3333326,150.0,0.6666673999999944
1,681,Optimal,120.0,120.0,0.0
1,682,Optimal,0.0,0.0,0.0
1,683,Optimal,7.0,7.0,0.0
1,684,Optimal,10.0,10.0,0.0
1,685,Optimal,0.0,0.0,0.0
1,686,Optimal,6.0,6.0,0.0
1,687,Optimal,0.0,0.0,0.0
1,688,Optimal,0.0,0.0,0.0
1,689,Optimal,90.0,90.0,0.0
1,690,Optimal,66.0,66.0,0.0
1,691,Optimal,0.0,0.0,0.0
1,692,Optimal,0.0,0.0,0.0
1,693,Optimal,35.0,35.0,0.0
1,694,Optimal,200.0,200.0,0.0
1,695,Optimal,283.0,283.0,0.0
1,696,Optimal,0.0,0.0,0.0
1,697,Optimal,26.0,26.0,0.0
1,698,Optimal,12.0,12.0,0.0
1,699,Optimal,0.0,0.0,0.0
1,700,Optimal,0.0,0.0,0.0
1,701,Optimal,112.0,112.0,0.0
1,702,Optimal,0.0,0.0,0.0
1,703,Optimal,81.0,81.0,0.0
1,704,Optimal,25.0,25.0,0.0
1,705,Optimal,48.0,48.0,0.0
1,706,Optimal,0.0,0.0,0.0
1,707,Optimal,45.0,45.0,0.0
1,708,Optimal,0.0,0.0,0.0
1,709,Optimal,11.0,11.0,0.0
1,710,Optimal,81.5,82.0,0.5
1,711,Optimal,31.0,31.0,0.0
1,712,Optimal,0.0,0.0,0.0
1,713,Optimal,183.5,184.0,0.5
1,714,Optimal,0.0,0.0,0.0
1,715,Optimal,123.0,123.0,0.0
1,716,Optimal,0.0,0.0,0.0
1,717,Optimal,96.0,96.0,0.0
1,718,Optimal,0.0,0.0,0.0
1,719,Optimal,266.0,267.0,1.0
1,720,Optimal,6.0,6.0,0.0
1,721,Optimal,31.0,31.0,0.0
1,722,Optimal,25.0,25.0,0.0
1,723,Optimal,99.66666647000001,100.0,0.3333335299999902
1,724,Optimal,115.0,115.0,0.0
1,725,Optimal,23.0,23.0,0.0
1,726,Optimal,0.0,0.0,0.0
1,727,Optimal,0.0,0.0,0.0
1,728,Optimal,7.0,7.0,0.0
1,729,Optimal,25.0,25.0,0.0
1,730,Optimal,116.5,117.0,0.5
1,731,Optimal,14.0,14.0,0.0
1,732,Optimal,11.0,11.0,0.0
1,733,Optimal,241.5,242.0,0.5
1,734,Optimal,95.5,96.0,0.5
1,735,Optimal,7.0,7.0,0.0
1,736,Optimal,0.0,0.0,0.0
1,737,Optimal,0.0,0.0,0.0
1,738,Optimal,0.0,0.0,0.0
1,739,Optimal,82.0,82.0,0.0
1,740,Optimal,212.0,212.0,0.0
1,741,Optimal,70.0,70.0,0.0
1,742,Optimal,114.0,114.0,0.0
1,743,Optimal,31.0,31.0,0.0
1,744,Optimal,0.0,0.0,0.0
1,745,Optimal,80.0,80.0,0.0
1,746,Optimal,0.0,0.0,0.0
1,747,Optimal,62.5,63.0,0.5
1,748,Optimal,50.5,51.0,0.5
1,749,Optimal,0.0,0.0,0.0
1,750,Optimal,58.0,58.0,0.0
1,751,Optimal,0.0,0.0,0.0
1,752,Optimal,32.0,32.0,0.0
1,753,Optimal,0.0,0.0,0.0
1,754,Optimal,65.0,65.0,0.0
1,755,Optimal,68.0,68.0,0.0
1,756,Optimal,104.0,104.0,0.0
1,757,Optimal,0.0,0.0,0.0
1,758,Optimal,28.0,28.0,0.0
1,759,Optimal,23.0,23.0,0.0
1,760,Optimal,0.0,0.0,0.0
1,761,Optimal,125.5,126.0,0.5
1,762,Optimal,17.0,17.0,0.0
1,763,Optimal,94.0,94.0,0.0
1,764,Optimal,0.0,0.0,0.0
1,765,Optimal,8.0,8.0,0.0
1,766,Optimal,18.0,18.0,0.0
1,767,Optimal,63.0,63.0,0.0
1,768,Optimal,38.0,38.0,0.0
1,769,Optimal,0.0,0.0,0.0
1,770,Optimal,0.0,0.0,0.0
1,771,Optimal,118.0,118.0,0.0
1,772,Optimal,2.0,2.0,0.0
1,773,Optimal,102.0,102.0,0.0
1,774,Optimal,441.0,441.0,0.0
1,775,Optimal,24.0,24.0,0.0
1,776,Optimal,0.0,0.0,0.0
1,777,Optimal,65.0,65.0,0.0
1,778,Optimal,21.0,21.0,0.0
1,779,Optimal,0.0,0.0,0.0
1,780,Optimal,230.0,230.0,0.0
1,781,Optimal,23.0,23.0,0.0
1,782,Optimal,0.0,0.0,0.0
1,783,Optimal,0.0,0.0,0.0
1,784,Optimal,0.0,0.0,0.0
1,785,Optimal,0.0,0.0,0.0
1,786,Optimal,392.5,394.0,1.5
1,787,Optimal,0.0,0.0,0.0
1,788,Optimal,1.0,1.0,0.0
1,789,Optimal,0.0,0.0,0.0
1,790,Optimal,88.0,88.0,0.0
1,791,Optimal,3.0,3.0,0.0
1,792,Optimal,5.0,5.0,0.0
1,793,Optimal,0.0,0.0,0.0
1,794,Optimal,0.0,0.0,0.0
1,795,Optimal,89.0,89.0,0.0
1,796,Optimal,0.0,0.0,0.0
1,797,Optimal,0.0,0.0,0.0
1,798,Optimal,60.0,60.0,0.0
1,799,Optimal,51.5,52.0,0.5
1,800,Optimal,1.0,1.0,0.0
1,801,Optimal,21.0,21.0,0.0
1,802,Optimal,14.0,14.0,0.0
1,803,Optimal,0.0,0.0,0.0
1,804,Optimal,19.0,19.0,0.0
1,805,Optimal,36.0,36.0,0.0
1,806,Optimal,0.0,0.0,0.0
1,807,Optimal,0.0,0.0,0.0
1,808,Optimal,13.0,13.0,0.0
1,809,Optimal,32.0,32.0,0.0
1,810,Optimal,5.0,5.0,0.0
1,811,Optimal,28.0,28.0,0.0
1,812,Optimal,32.0,32.0,0.0
1,813,Optimal,0.0,0.0,0.0
1,814,Optimal,12.0,12.0,0.0
1,815,Optimal,0.0,0.0,0.0
1,816,Optimal,68.0,68.0,0.0
1,817,Optimal,0.0,0.0,0.0
1,818,Optimal,152.0,152.0,0.0
1,819,Optimal,16.0,16.0,0.0
1,820,Optimal,126.0,126.0,0.0
1,821,Optimal,50.0,50.0,0.0
1,822,Optimal,0.0,0.0,0.0
1,823,Optimal,0.0,0.0,0.0
1,824,Optimal,23.0,23.0,0.0
1,825,Optimal,175.0,175.0,0.0
1,826,Optimal,0.0,0.0,0.0
1,827,Optimal,0.0,0.0,0.0
1,828,Optimal,97.0,97.0,0.0
1,829,Optimal,0.0,0.0,0.0
1,830,Optimal,17.0,17.0,0.0
1,831,Optimal,212.0,212.0,0.0
1,832,Optimal,39.0,39.0,0.0
1,833,Optimal,0.0,0.0,0.0
1,834,Optimal,14.0,14.0,0.0
1,835,Optimal,212.5,213.0,0.5
1,836,Optimal,24.0,24.0,0.0
1,837,Optimal,69.0,69.0,0.0
1,838,Optimal,17.0,17.0,0.0
1,839,Optimal,0.0,0.0,0.0
1,840,Optimal,138.5,139.0,0.5
1,841,Optimal,5.0,5.0,0.0
1,842,Optimal,8.0,8.0,0.0
1,843,Optimal,0.0,0.0,0.0
1,844,Optimal,0.0,0.0,0.0
1,845,Optimal,0.0,0.0,0.0
1,846,Optimal,0.0,0.0,0.0
1,847,Optimal,20.0,20.0,0.0
1,848,Optimal,66.0,66.0,0.0
1,849,Optimal,46.0,46.0,0.0
1,850,Optimal,8.0,8.0,0.0
1,851,Optimal,23.0,23.0,0.0
1,852,Optimal,248.0,248.0,0.0
1,853,Optimal,0.0,0.0,0.0
1,854,Optimal,53.0,53.0,0.0
1,855,Optimal,0.0,0.0,0.0
1,856,Optimal,59.0,59.0,0.0
1,857,Optimal,13.0,13.0,0.0
1,858,Optimal,0.0,0.0,0.0
1,859,Optimal,109.0,109.0,0.0
1,860,Optimal,0.0,0.0,0.0
1,861,Optimal,0.0,0.0,0.0
1,862,Optimal,86.0,86.0,0.0
1,863,Optimal,103.0,103.0,0.0
1,864,Optimal,5.0,5.0,0.0
1,865,Optimal,106.0,106.0,0.0
1,866,Optimal,0.0,0.0,0.0
1,867,Optimal,98.5,99.0,0.5
1,868,Optimal,156.0,156.0,0.0
1,869,Optimal,0.0,0.0,0.0
1,870,Optimal,1.0,1.0,0.0
1,871,Optimal,129.0,129.0,0.0
1,872,Optimal,133.5,134.0,0.5
1,873,Optimal,0.0,0.0,0.0
1,874,Optimal,3.0,3.0,0.0
1,875,Optimal,38.0,38.0,0.0
1,876,Optimal,0.0,0.0,0.0
1,877,Optimal,0.0,0.0,0.0
1,878,Optimal,47.5,48.0,0.5
1,879,Optimal,31.0,31.0,0.0
1,880,Optimal,102.0,102.0,0.0
1,881,Optimal,267.5,268.0,0.5
1,882,Optimal,268.0,268.0,0.0
1,883,Optimal,0.0,0.0,0.0
1,884,Optimal,18.0,18.0,0.0
1,885,Optimal,12.0,12.0,0.0
1,886,Optimal,45.0,45.0,0.0
1,887,Optimal,5.0,5.0,0.0
1,888,Optimal,169.0,169.0,0.0
1,889,Optimal,1.0,1.0,0.0
1,890,Optimal,0.0,0.0,0.0
1,891,Optimal,48.0,48.0,0.0
1,892,Optimal,3.0,3.0,0.0
1,893,Optimal,256.0,256.0,0.0
1,894,Optimal,89.5,90.0,0.5
1,895,Optimal,127.0,127.0,0.0
1,896,Optimal,16.0,16.0,0.0
1,897,Optimal,78.0,78.0,0.0
1,898,Optimal,235.5,236.0,0.5
1,899,Optimal,0.0,0.0,0.0
1,900,Optimal,0.0,0.0,0.0
1,901,Optimal,0.0,0.0,0.0
1,902,Optimal,23.0,23.0,0.0
1,903,Optimal,98.0,98.0,0.0
1,904,Optimal,0.0,0.0,0.0
1,905,Optimal,47.0,47.0,0.0
1,906,Optimal,0.0,0.0,0.0
1,907,Optimal,0.0,0.0,0.0
1,908,Optimal,194.5,195.0,0.5
1,909,Optimal,0.0,0.0,0.0
1,910,Optimal,41.0,41.0,0.0
1,911,Optimal,0.0,0.0,0.0
1,912,Optimal,0.0,0.0,0.0
1,913,Optimal,49.0,49.0,0.0
1,914,Optimal,136.0,136.0,0.0
1,915,Optimal,12.0,12.0,0.0
1,916,Optimal,0.0,0.0,0.0
1,917,Optimal,0.0,0.0,0.0
1,918,Optimal,0.0,0.0,0.0
1,919,Optimal,12.0,12.0,0.0
1,920,Optimal,16.0,16.0,0.0
1,921,Optimal,1.0,1.0,0.0
1,922,Optimal,23.0,23.0,0.0
1,923,Optimal,2.0,2.0,0.0
1,924,Optimal,135.0,135.0,0.0
1,925,Optimal,0.0,0.0,0.0
1,926,Optimal,115.0,115.0,0.0
1,927,Optimal,37.0,37.0,0.0
1,928,Optimal,25.0,25.0,0.0
1,929,Optimal,3.0,3.0,0.0
1,930,Optimal,0.0,0.0,0.0
1,931,Optimal,0.0,0.0,0.0
1,932,Optimal,36.0,36.0,0.0
1,933,Optimal,0.0,0.0,0.0
1,934,Optimal,0.0,0.0,0.0
1,935,Optimal,84.0,84.0,0.0
1,936,Optimal,52.0,52.0,0.0
1,937,Optimal,50.0,50.0,0.0
1,938,Optimal,0.0,0.0,0.0
1,939,Optimal,31.0,31.0,0.0
1,940,Optimal,6.0,6.0,0.0
1,941,Optimal,3.0,3.0,0.0
1,942,Optimal,84.0,84.0,0.0
1,943,Optimal,22.0,22.0,0.0
1,944,Optimal,0.0,0.0,0.0
1,945,Optimal,0.0,0.0,0.0
1,946,Optimal,0.0,0.0,0.0
1,947,Optimal,29.0,29.0,0.0
1,948,Optimal,42.0,42.0,0.0
1,949,Optimal,0.0,0.0,0.0
1,950,Optimal,0.0,0.0,0.0
1,951,Optimal,157.0,157.0,0.0
1,952,Optimal,88.0,88.0,0.0
1,953,Optimal,0.0,0.0,0.0
1,954,Optimal,0.0,0.0,0.0
1,955,Optimal,0.0,0.0,0.0
1,956,Optimal,37.0,37.0,0.0
1,957,Optimal,0.0,0.0,0.0
1,958,Optimal,92.0,92.0,0.0
1,959,Optimal,38.0,38.0,0.0
1,960,Optimal,0.0,0.0,0.0
1,961,Optimal,0.0,0.0,0.0
1,962,Optimal,0.0,0.0,0.0
1,963,Optimal,35.0,35.0,0.0
1,964,Optimal,235.0,235.0,0.0
1,965,Optimal,146.0,146.0,0.0
1,966,Optimal,60.5,61.0,0.5
1,967,Optimal,11.0,11.0,0.0
1,968,Optimal,10.0,10.0,0.0
1,969,Optimal,0.0,0.0,0.0
1,970,Optimal,231.5,232.0,0.5
1,971,Optimal,127.0,127.0,0.0
1,972,Optimal,247.0,247.0,0.0
1,973,Optimal,0.0,0.0,0.0
1,974,Optimal,0.0,0.0,0.0
1,975,Optimal,115.0,115.0,0.0
1,976,Optimal,16.0,16.0,0.0
1,977,Optimal,140.0,140.0,0.0
1,978,Optimal,76.0,76.0,0.0
1,979,Optimal,0.0,0.0,0.0
1,980,Optimal,31.0,31.0,0.0
1,981,Optimal,13.0,13.0,0.0
1,982,Optimal,0.0,0.0,0.0
1,983,Optimal,12.0,12.0,0.0
1,984,Optimal,138.5,139.0,0.5
1,985,Optimal,0.0,0.0,0.0
1,986,Optimal,119.0,119.0,0.0
1,987,Optimal,53.0,53.0,0.0
1,988,Optimal,198.0,198.0,0.0
1,989,Optimal,30.0,30.0,0.0
1,990,Optimal,22.0,22.0,0.0
1,991,Optimal,0.0,0.0,0.0
1,992,Optimal,22.0,22.0,0.0
1,993,Optimal,35.0,35.0,0.0
1,994,Optimal,29.0,29.0,0.0
1,995,Optimal,43.0,43.0,0.0
1,996,Optimal,0.0,0.0,0.0
1,997,Optimal,52.0,52.0,0.0
1,998,Optimal,25.5,26.0,0.5
1,999,Optimal,67.0,67.0,0.0
2,0,Optimal,9.0,9.0,0.0
2,1,Optimal,61.0,61.0,0.0
2,2,Infeasible,,,
2,3,Optimal,130.0,130.0,0.0
2,4,Infeasible,,,
2,5,Optimal,108.0,109.0,1.0
2,6,Infeasible,,,
2,7,Infeasible,,,
2,8,Optimal,466.0,466.0,0.0
2,9,Optimal,434.0,434.0,0.0
2,10,Optimal,307.0,308.0,1.0
2,11,Infeasible,,,
2,12,Infeasible,,,
2,13,Infeasible,,,
2,14,Infeasible,,,
2,15,Optimal,129.0,129.0,0.0
2,16,Infeasible,,,
2,17,Optimal,148.0,148.0,0.0
2,18,Optimal,19.0,19.0,0.0
2,19,Infeasible,,,
2,20,Infeasible,,,
2,21,Infeasible,,,
2,22,Optimal,33.0,33.0,0.0
2,23,Optimal,61.0,61.0,0.0
2,24,Optimal,182.0,182.0,0.0
2,25,Optimal,203.0,203.0,0.0
2,26,Optimal,90.0,90.0,0.0
2,27,Optimal,29.0,29.0,0.0
2,28,Optimal,24.0,24.0,0.0
2,29,Infeasible,,,
2,30,Optimal,205.5,206.0,0.5
2,31,Optimal,7.0,7.0,0.0
2,32,Optimal,273.0,274.0,1.0
2,33,Optimal,16.0,16.0,0.0
2,34,Optimal,143.0,143.0,0.0
2,35,Infeasible,,,
2,36,Optimal,192.0,192.0,0.0
2,37,Infeasible,,,
2,38,Optimal,343.5,344.0,0.5
2,39,Optimal,176.0,176.0,0.0
2,40,Infeasible,,,
2,41,Optimal,0.0,0.0,0.0
2,42,Optimal,204.0,204.0,0.0
2,43,Optimal,487.0,487.0,0.0
2,44,Infeasible,,,
2,45,Infeasible,,,
2,46,Infeasible,,,
2,47,Optimal,112.0,112.0,0.0
2,48,Optimal,0.0,0.0,0.0
2,49,Optimal,25.0,25.0,0.0
2,50,Infeasible,,,
2,51,Optimal,312.0,312.0,0.0
2,52,Optimal,167.0,167.0,0.0
2,53,Optimal,9.0,9.0,0.0
2,54,Optimal,141.0,141.0,0.0
2,55,Optimal,78.0,78.0,0.0
2,56,Optimal,0.0,0.0,0.0
2,57,Infeasible,,,
2,58,Infeasible,,,
2,59,Optimal,51.0,51.0,0.0
2,60,Optimal,433.0,433.0,0.0
2,61,Infeasible,,,
2,62,Infeasible,,,
2,63,Infeasible,,,
2,64,Infeasible,,,
2,65,Infeasible,,,
2,66,Optimal,95.0,95.0,0.0
2,67,Infeasible,,,
2,68,Optimal,100.0,100.0,0.0
2,69,Infeasible,,,
2,70,Infeasible,,,
2,71,Optimal,134.0,134.0,0.0
2,72,Optimal,180.0,180.0,0.0
2,73,Optimal,295.0,295.0,0.0
2,74,Optimal,103.0,103.0,0.0
2,75,Optimal,484.0,485.0,1.0
2,76,Infeasible,,,
2,77,Infeasible,,,
2,78,Optimal,401.0,401.0,0.0
2,79,Optimal,104.0,104.0,0.0
2,80,Infeasible,,,
2,81,Optimal,0.0,0.0,0.0
2,82,Optimal,30.0,30.0,0.0
2,83,Infeasible,,,
2,84,Optimal,110.0,110.0,0.0
2,85,Infeasible,,,
2,86,Infeasible,,,
2,87,Optimal,44.0,44.0,0.0
2,88,Infeasible,,,
2,89,Optimal,17.0,17.0,0.0
2,90,Infeasible,,,
2,91,Optimal,667.0,667.0,0.0
2,92,Infeasible,,,
2,93,Optimal,226.0,226.0,0.0
2,94,Optimal,81.0,81.0,0.0
2,95,Infeasible,,,
2,96,Optimal,61.0,61.0,0.0
2,97,Optimal,128.0,128.0,0.0
2,98,Optimal,107.0,107.0,0.0
2,99,Optimal,269.0,269.0,0.0
2,100,Infeasible,,,
2,101,Infeasible,,,
2,102,Infeasible,,,
2,103,Infeasible,,,
2,104,Optimal,281.0,282.0,1.0
2,105,Optimal,0.0,0.0,0.0
2,106,Optimal,144.0,144.0,0.0
2,107,Optimal,289.0,289.0,0.0
2,108,Optimal,247.0,247.0,0.0
2,109,Infeasible,,,
2,110,Infeasible,,,
2,111,Infeasible,,,
2,112,Infeasible,,,
2,113,Infeasible,,,
2,114,Infeasible,,,
2,115,Optimal,46.0,46.0,0.0
2,116,Optimal,370.0,370.0,0.0
2,117,Infeasible,,,
2,118,Optimal,259.0,260.0,1.0
2,119,Optimal,196.0,196.0,0.0
2,120,Infeasible,,,
2,121,Infeasible,,,
2,122,Infeasible,,,
2,123,Optimal,97.0,97.0,0.0
2,124,Infeasible,,,
2,125,Optimal,9.0,9.0,0.0
2,126,Optimal,0.0,0.0,0.0
2,127,Infeasible,,,
2,128,Infeasible,,,
2,129,Optimal,25.0,25.0,0.0
2,130,Infeasible,,,
2,131,Optimal,297.0,297.0,0.0
2,132,Infeasible,,,
2,133,Infeasible,,,
2,134,Infeasible,,,
2,135,Optimal,151.0,151.0,0.0
2,136,Infeasible,,,
2,137,Infeasible,,,
2,138,Infeasible,,,
2,139,Optimal,146.0,146.0,0.0
2,140,Optimal,85.0,85.0,0.0
2,141,Optimal,166.0,166.0,0.0
2,142,Infeasible,,,
2,143,Infeasible,,,
2,144,Optimal,55.0,55.0,0.0
2,145,Infeasible,,,
2,146,Infeasible,,,
2,147,Optimal,433.0,433.0,0.0
2,148,Infeasible,,,
2,149,Optimal,206.0,206.0,0.0
2,150,Infeasible,,,
2,151,Optimal,0.0,0.0,0.0
2,152,Optimal,187.0,187.0,0.0
2,153,Optimal,0.0,0.0,0.0
2,154,Optimal,80.0,80.0,0.0
2,155,Infeasible,,,
2,156,Optimal,138.5,139.0,0.5
2,157,Optimal,149.0,149.0,0.0
2,158,Optimal,95.0,95.0,0.0
2,159,Infeasible,,,
2,160,Infeasible,,,
2,161,Optimal,106.0,106.0,0.0
2,162,Infeasible,,,
2,163,Optimal,243.0,243.0,0.0
2,164,Optimal,242.0,242.0,0.0
2,165,Infeasible,,,
2,166,Optimal,63.0,63.0,0.0
2,167,Optimal,174.0,174.0,0.0
2,168,Infeasible,,,
2,169,Optimal,272.0,272.0,0.0
2,170,Infeasible,,,
2,171,Optimal,0.0,0.0,0.0
2,172,Infeasible,,,
2,173,Infeasible,,,
2,174,Infeasible,,,
2,175,Infeasible,,,
2,176,Infeasible,,,
2,177,Optimal,152.0,152.0,0.0
2,178,Optimal,328.0,328.0,0.0
2,179,Optimal,25.0,25.0,0.0
2,180,Optimal,260.0,260.0,0.0
2,181,Optimal,323.0,323.0,0.0
2,182,Infeasible,,,
2,183,Infeasible,,,
2,184,Optimal,83.0,83.0,0.0
2,185,Infeasible,,,
2,186,Optimal,536.5,537.0,0.5
2,187,Infeasible,,,
2,188,Optimal,105.0,105.0,0.0
2,189,Optimal,175.0,175.0,0.0
2,190,Infeasible,,,
2,191,Infeasible,,,
2,192,Optimal,161.0,161.0,0.0
2,193,Infeasible,,,
2,194,Infeasible,,,
2,195,Infeasible,,,
2,196,Optimal,65.0,65.0,0.0
2,197,Optimal,0.0,0.0,0.0
2,198,Infeasible,,,
2,199,Infeasible,,,
2,200,Optimal,22.0,22.0,0.0
2,201,Infeasible,,,
2,202,Optimal,42.0,42.0,0.0
2,203,Optimal,0.0,0.0,0.0
2,204,Infeasible,,,
2,205,Optimal,54.0,54.0,0.0
2,206,Infeasible,,,
2,207,Infeasible,,,
2,208,Infeasible,,,
2,209,Optimal,68.0,68.0,0.0
2,210,Optimal,368.0,370.0,2.0
2,211,Optimal,0.0,0.0,0.0
2,212,Infeasible,,,
2,213,Optimal,463.0,463.0,0.0
2,214,Infeasible,,,
2,215,Infeasible,,,
2,216,Optimal,22.0,22.0,0.0
2,217,Optimal,53.0,53.0,0.0
2,218,Optimal,38.0,38.0,0.0
2,219,Optimal,416.0,416.0,0.0
2,220,Optimal,273.0,273.0,0.0
2,221,Optimal,322.0,322.0,0.0
2,222,Infeasible,,,
2,223,Infeasible,,,
2,224,Infeasible,,,
2,225,Infeasible,,,
2,226,Optimal,134.5,135.0,0.5
2,227,Infeasible,,,
2,228,Infeasible,,,
2,229,Optimal,60.0,60.0,0.0
2,230,Infeasible,,,
2,231,Optimal,128.0,128.0,0.0
2,232,Infeasible,,,
2,233,Optimal,6.0,6.0,0.0
2,234,Optimal,541.0,544.0,3.0
2,235,Optimal,5.0,5.0,0.0
2,236,Optimal,475.0,475.0,0.0
2,237,Optimal,103.0,103.0,0.0
2,238,Optimal,215.0,215.0,0.0
2,239,Optimal,302.0,303.0,1.0
2,240,Optimal,134.5,135.0,0.5
2,241,Infeasible,,,
2,242,Optimal,200.5,201.0,0.5
2,243,Infeasible,,,
2,244,Optimal,341.0,341.0,0.0
2,245,Optimal,186.0,186.0,0.0
2,246,Optimal,324.0,324.0,0.0
2,247,Optimal,566.0,566.0,0.0
2,248,Infeasible,,,
2,249,Optimal,86.0,86.0,0.0
2,250,Optimal,130.0,130.0,0.0
2,251,Optimal,62.0,62.0,0.0
2,252,Optimal,311.0,311.0,0.0
2,253,Infeasible,,,
2,254,Infeasible,,,
2,255,Infeasible,,,
2,256,Optimal,75.0,76.0,1.0
2,257,Optimal,18.0,18.0,0.0
2,258,Optimal,4.0,4.0,0.0
2,259,Optimal,396.0,398.0,2.0
2,260,Optimal,188.0,188.0,0.0
2,261,Infeasible,,,
2,262,Optimal,48.0,48.0,0.0
2,263,Infeasible,,,
2,264,Infeasible,,,
2,265,Optimal,362.0,362.0,0.0
2,266,Infeasible,,,
2,267,Infeasible,,,
2,268,Infeasible,,,
2,269,Infeasible,,,
2,270,Infeasible,,,
2,271,Optimal,200.0,200.0,0.0
2,272,Infeasible,,,
2,273,Infeasible,,,
2,274,Optimal,14.0,14.0,0.0
2,275,Optimal,137.0,137.0,0.0
2,276,Infeasible,,,
2,277,Optimal,0.0,0.0,0.0
2,278,Infeasible,,,
2,279,Infeasible,,,
2,280,Infeasible,,,
2,281,Optimal,38.0,38.0,0.0
2,282,Optimal,57.0,57.0,0.0
2,283,Optimal,237.0,237.0,0.0
2,284,Infeasible,,,
2,285,Infeasible,,,
2,286,Optimal,33.0,33.0,0.0
2,287,Infeasible,,,
2,288,Infeasible,,,
2,289,Infeasible,,,
2,290,Infeasible,,,
2,291,Infeasible,,,
2,292,Infeasible,,,
2,293,Optimal,778.0,778.0,0.0
2,294,Infeasible,,,
2,295,Infeasible,,,
2,296,Infeasible,,,
2,297,Infeasible,,,
2,298,Optimal,111.0,111.0,0.0
2,299,Infeasible,,,
2,300,Optimal,85.0,85.0,0.0
2,301,Optimal,154.0,156.0,2.0
2,302,Infeasible,,,
2,303,Infeasible,,,
2,304,Infeasible,,,
2,305,Infeasible,,,
2,306,Optimal,41.0,41.0,0.0
2,307,Optimal,0.0,0.0,0.0
2,308,Optimal,564.0,564.0,0.0
2,309,Optimal,61.5,62.0,0.5
2,310,Optimal,25.0,25.0,0.0
2,311,Optimal,425.0,425.0,0.0
2,312,Optimal,243.0,243.0,0.0
2,313,Optimal,211.0,211.0,0.0
2,314,Optimal,277.0,277.0,0.0
2,315,Infeasible,,,
2,316,Infeasible,,,
2,317,Optimal,18.0,18.0,0.0
2,318,Infeasible,,,
2,319,Optimal,914.0,914.0,0.0
2,320,Infeasible,,,
2,321,Optimal,194.0,194.0,0.0
2,322,Optimal,112.0,112.0,0.0
2,323,Infeasible,,,
2,324,Optimal,73.0,73.0,0.0
2,325,Infeasible,,,
2,326,Optimal,45.0,45.0,0.0
2,327,Optimal,41.0,41.0,0.0
2,328,Infeasible,,,
2,329,Infeasible,,,
2,330,Infeasible,,,
2,331,Infeasible,,,
2,332,Infeasible,,,
2,333,Infeasible,,,
2,334,Optimal,0.0,0.0,0.0
2,335,Optimal,72.0,72.0,0.0
2,336,Optimal,378.0,378.0,0.0
2,337,Infeasible,,,
2,338,Infeasible,,,
2,339,Infeasible,,,
2,340,Infeasible,,,
2,341,Optimal,16.0,16.0,0.0
2,342,Infeasible,,,
2,343,Infeasible,,,
2,344,Infeasible,,,
2,345,Optimal,260.0,260.0,0.0
2,346,Infeasible,,,
2,347,Infeasible,,,
2,348,Optimal,39.0,39.0,0.0
2,349,Infeasible,,,
2,350,Optimal,49.0,49.0,0.0
2,351,Optimal,24.0,24.0,0.0
2,352,Optimal,75.0,75.0,0.0
2,353,Optimal,140.0,140.0,0.0
2,354,Infeasible,,,
2,355,Infeasible,,,
2,356,Infeasible,,,
2,357,Optimal,501.0,501.0,0.0
2,358,Optimal,153.0,153.0,0.0
2,359,Optimal,302.0,302.0,0.0
2,360,Optimal,386.0,386.0,0.0
2,361,Optimal,252.0,252.0,0.0
2,362,Infeasible,,,
2,363,Optimal,79.0,79.0,0.0
2,364,Infeasible,,,
2,365,Optimal,147.0,147.0,0.0
2,366,Optimal,131.0,131.0,0.0
2,367,Infeasible,,,
2,368,Infeasible,,,
2,369,Infeasible,,,
2,370,Infeasible,,,
2,371,Infeasible,,,
2,372,Infeasible,,,
2,373,Optimal,26.0,26.0,0.0
2,374,Optimal,200.0,201.0,1.0
2,375,Optimal,0.0,0.0,0.0
2,376,Infeasible,,,
2,377,Infeasible,,,
2,378,Infeasible,,,
2,379,Infeasible,,,
2,380,Optimal,164.0,164.0,0.0
2,381,Infeasible,,,
2,382,Infeasible,,,
2,383,Infeasible,,,
2,384,Optimal,72.0,72.0,0.0
2,385,Optimal,31.0,31.0,0.0
2,386,Optimal,62.0,62.0,0.0
2,387,Optimal,366.0,366.0,0.0
2,388,Optimal,42.0,42.0,0.0
2,389,Optimal,42.0,42.0,0.0
2,390,Optimal,63.0,63.0,0.0
2,391,Optimal,38.0,38.0,0.0
2,392,Optimal,183.0,183.0,0.0
2,393,Optimal,0.0,0.0,0.0
2,394,Infeasible,,,
2,395,Optimal,474.0,474.0,0.0
2,396,Optimal,171.0,171.0,0.0
2,397,Optimal,375.0,375.0,0.0
2,398,Infeasible,,,
2,399,Optimal,41.0,41.0,0.0
2,400,Optimal,653.0,653.0,0.0
2,401,Optimal,17.0,17.0,0.0
2,402,Infeasible,,,
2,403,Optimal,87.0,87.0,0.0
2,404,Optimal,24.0,24.0,0.0
2,405,Optimal,351.0,351.0,0.0
2,406,Optimal,5.0,5.0,0.0
2,407,Infeasible,,,
2,408,Optimal,350.0,351.0,1.0
2,409,Infeasible,,,
2,410,Optimal,0.0,0.0,0.0
2,411,Optimal,142.0,142.0,0.0
2,412,Infeasible,,,
2,413,Infeasible,,,
2,414,Infeasible,,,
2,415,Optimal,38.0,38.0,0.0
2,416,Optimal,72.0,72.0,0.0
2,417,Optimal,80.0,80.0,0.0
2,418,Optimal,163.0,163.0,0.0
2,419,Infeasible,,,
2,420,Infeasible,,,
2,421,Optimal,220.0,220.0,0.0
2,422,Optimal,50.0,50.0,0.0
2,423,Infeasible,,,
2,424,Infeasible,,,
2,425,Optimal,13.0,13.0,0.0
2,426,Optimal,318.5,319.0,0.5
2,427,Infeasible,,,
2,428,Infeasible,,,
2,429,Infeasible,,,
2,430,Optimal,202.0,202.0,0.0
2,431,Infeasible,,,
2,432,Infeasible,,,
2,433,Optimal,32.0,32.0,0.0
2,434,Optimal,190.5,191.0,0.5
2,435,Infeasible,,,
2,436,Optimal,8.0,8.0,0.0
2,437,Infeasible,,,
2,438,Optimal,122.0,122.0,0.0
2,439,Optimal,312.0,312.0,0.0
2,440,Infeasible,,,
2,441,Infeasible,,,
2,442,Infeasible,,,
2,443,Infeasible,,,
2,444,Infeasible,,,
2,445,Optimal,314.0,314.0,0.0
2,446,Infeasible,,,
2,447,Infeasible,,,
2,448,Optimal,50.0,50.0,0.0
2,449,Infeasible,,,
2,450,Infeasible,,,
2,451,Optimal,20.0,20.0,0.0
2,452,Optimal,469.0,469.0,0.0
2,453,Optimal,93.0,93.0,0.0
2,454,Optimal,56.5,57.0,0.5
2,455,Optimal,28.0,28.0,0.0
2,456,Optimal,281.0,281.0,0.0
2,457,Infeasible,,,
2,458,Infeasible,,,
2,459,Optimal,311.5,312.0,0.5
2,460,Infeasible,,,
2,461,Infeasible,,,
2,462,Optimal,92.0,92.0,0.0
2,463,Infeasible,,,
2,464,Optimal,12.0,12.0,0.0
2,465,Infeasible,,,
2,466,Optimal,115.0,115.0,0.0
2,467,Infeasible,,,
2,468,Optimal,229.0,229.0,0.0
2,469,Optimal,8.0,8.0,0.0
2,470,Optimal,482.5,484.0,1.5
2,471,Infeasible,,,
2,472,Optimal,131.0,131.0,0.0
2,473,Infeasible,,,
2,474,Infeasible,,,
2,475,Infeasible,,,
2,476,Infeasible,,,
2,477,Infeasible,,,
2,478,Optimal,7.0,7.0,0.0
2,479,Optimal,184.0,184.0,0.0
2,480,Optimal,117.0,117.0,0.0
2,481,Infeasible,,,
2,482,Infeasible,,,
2,483,Infeasible,,,
2,484,Optimal,107.0,107.0,0.0
2,485,Optimal,72.0,72.0,0.0
2,486,Infeasible,,,
2,487,Infeasible,,,
2,488,Infeasible,,,
2,489,Optimal,145.0,145.0,0.0
2,490,Infeasible,,,
2,491,Infeasible,,,
2,492,Optimal,0.0,0.0,0.0
2,493,Optimal,178.0,178.0,0.0
2,494,Infeasible,,,
2,495,Infeasible,,,
2,496,Infeasible,,,
2,497,Optimal,101.0,101.0,0.0
2,498,Optimal,161.0,161.0,0.0
2,499,Optimal,178.0,178.0,0.0
2,500,Optimal,179.0,179.0,0.0
2,501,Infeasible,,,
2,502,Optimal,0.0,0.0,0.0
2,503,Optimal,259.5,260.0,0.5
2,504,Optimal,262.0,262.0,0.0
2,505,Optimal,124.0,124.0,0.0
2,506,Optimal,235.5,236.0,0.5
2,507,Optimal,39.0,39.0,0.0
2,508,Optimal,53.0,53.0,0.0
2,509,Optimal,304.0,304.0,0.0
2,510,Infeasible,,,
2,511,Infeasible,,,
2,512,Infeasible,,,
2,513,Optimal,349.0,349.0,0.0
2,514,Infeasible,,,
2,515,Infeasible,,,
2,516,Infeasible,,,
2,517,Optimal,15.0,15.0,0.0
2,518,Infeasible,,,
2,519,Infeasible,,,
2,520,Optimal,125.0,125.0,0.0
2,521,Optimal,102.0,102.0,0.0
2,522,Optimal,2.0,2.0,0.0
2,523,Optimal,218.5,220.0,1.5
2,524,Infeasible,,,
2,525,Optimal,25.0,25.0,0.0
2,526,Optimal,191.0,191.0,0.0
2,527,Optimal,94.0,94.0,0.0
2,528,Infeasible,,,
2,529,Optimal,4.0,4.0,0.0
2,530,Infeasible,,,
2,531,Infeasible,,,
2,532,Optimal,0.0,0.0,0.0
2,533,Optimal,160.5,161.0,0.5
2,534,Optimal,62.0,62.0,0.0
2,535,Optimal,163.0,163.0,0.0
2,536,Infeasible,,,
2,537,Optimal,64.0,64.0,0.0
2,538,Optimal,105.0,105.0,0.0
2,539,Infeasible,,,
2,540,Optimal,227.0,227.0,0.0
2,541,Optimal,262.5,263.0,0.5
2,542,Optimal,190.0,190.0,0.0
2,543,Optimal,13.0,13.0,0.0
2,544,Infeasible,,,
2,545,Optimal,214.0,214.0,0.0
2,546,Optimal,34.0,34.0,0.0
2,547,Infeasible,,,
2,548,Optimal,153.5,154.0,0.5
2,549,Infeasible,,,
2,550,Infeasible,,,
2,551,Optimal,14.0,14.0,0.0
2,552,Optimal,16.0,16.0,0.0
2,553,Infeasible,,,
2,554,Infeasible,,,
2,555,Infeasible,,,
2,556,Optimal,197.0,197.0,0.0
2,557,Infeasible,,,
2,558,Infeasible,,,
2,559,Infeasible,,,
2,560,Optimal,12.5,13.0,0.5
2,561,Optimal,91.5,92.0,0.5
2,562,Infeasible,,,
2,563,Optimal,51.0,51.0,0.0
2,564,Infeasible,,,
2,565,Optimal,65.0,65.0,0.0
2,566,Optimal,144.0,144.0,0.0
2,567,Infeasible,,,
2,568,Infeasible,,,
2,569,Optimal,54.0,54.0,0.0
2,570,Infeasible,,,
2,571,Infeasible,,,
2,572,Optimal,0.0,0.0,0.0
2,573,Infeasible,,,
2,574,Optimal,189.0,189.0,0.0
2,575,Optimal,506.0,506.0,0.0
2,576,Optimal,46.0,46.0,0.0
2,577,Optimal,69.0,69.0,0.0
2,578,Infeasible,,,
2,579,Infeasible,,,
2,580,Infeasible,,,
2,581,Infeasible,,,
2,582,Infeasible,,,
2,583,Optimal,175.0,175.0,0.0
2,584,Optimal,27.0,27.0,0.0
2,585,Infeasible,,,
2,586,Optimal,329.0,329.0,0.0
2,587,Infeasible,,,
2,588,Infeasible,,,
2,589,Optimal,15.0,15.0,0.0
2,590,Infeasible,,,
2,591,Infeasible,,,
2,592,Infeasible,,,
2,593,Optimal,890.0,890.0,0.0
2,594,Infeasible,,,
2,595,Infeasible,,,
2,596,Optimal,102.0,102.0,0.0
2,597,Optimal,49.0,49.0,0.0
2,598,Optimal,152.0,152.0,0.0
2,599,Infeasible,,,
2,600,Optimal,41.0,41.0,0.0
2,601,Optimal,183.0,184.0,1.0
2,602,Infeasible,,,
2,603,Infeasible,,,
2,604,Optimal,418.0,418.0,0.0
2,605,Optimal,55.0,55.0,0.0
2,606,Optimal,23.0,23.0,0.0
2,607,Infeasible,,,
2,608,Infeasible,,,
2,609,Optimal,100.0,100.0,0.0
2,610,Infeasible,,,
2,611,Optimal,134.0,134.0,0.0
2,612,Optimal,12.0,12.0,0.0
2,613,Optimal,296.0,296.0,0.0
2,614,Optimal,371.0,371.0,0.0
2,615,Optimal,180.0,180.0,0.0
2,616,Infeasible,,,
2,617,Infeasible,,,
2,618,Infeasible,,,
2,619,Infeasible,,,
2,620,Infeasible,,,
2,621,Optimal,3.0,3.0,0.0
2,622,Optimal,15.0,15.0,0.0
2,623,Optimal,19.0,19.0,0.0
2,624,Optimal,442.0,442.0,0.0
2,625,Optimal,285.0,285.0,0.0
2,626,Infeasible,,,
2,627,Optimal,43.0,43.0,0.0
2,628,Infeasible,,,
2,629,Optimal,0.0,0.0,0.0
2,630,Infeasible,,,
2,631,Infeasible,,,
2,632,Optimal,208.0,208.0,0.0
2,633,Infeasible,,,
2,634,Optimal,31.0,31.0,0.0
2,635,Optimal,264.0,264.0,0.0
2,636,Optimal,230.0,230.0,0.0
2,637,Optimal,108.0,108.0,0.0
2,638,Infeasible,,,
2,639,Optimal,11.0,11.0,0.0
2,640,Optimal,863.0,863.0,0.0
2,641,Infeasible,,,
2,642,Infeasible,,,
2,643,Optimal,115.0,115.0,0.0
2,644,Optimal,281.0,281.0,0.0
2,645,Infeasible,,,
2,646,Optimal,81.0,81.0,0.0
2,647,Infeasible,,,
2,648,Infeasible,,,
2,649,Infeasible,,,
2,650,Infeasible,,,
2,651,Optimal,24.0,24.0,0.0
2,652,Optimal,7.0,7.0,0.0
2,653,Infeasible,,,
2,654,Optimal,17.0,17.0,0.0
2,655,Optimal,0.0,0.0,0.0
2,656,Infeasible,,,
2,657,Infeasible,,,
2,658,Optimal,248.0,248.0,0.0
2,659,Optimal,0.0,0.0,0.0
2,660,Optimal,6.0,6.0,0.0
2,661,Infeasible,,,
2,662,Infeasible,,,
2,663,Optimal,215.5,216.0,0.5
2,664,Infeasible,,,
2,665,Infeasible,,,
2,666,Infeasible,,,
2,667,Infeasible,,,
2,668,Infeasible,,,
2,669,Optimal,115.0,115.0,0.0
2,670,Infeasible,,,
2,671,Infeasible,,,
2,672,Optimal,400.0,400.0,0.0
2,673,Optimal,83.0,83.0,0.0
2,674,Infeasible,,,
2,675,Optimal,16.0,16.0,0.0
2,676,Infeasible,,,
2,677,Optimal,345.0,345.0,0.0
2,678,Infeasible,,,
2,679,Optimal,82.0,82.0,0.0
2,680,Infeasible,,,
2,681,Infeasible,,,
2,682,Optimal,0.0,0.0,0.0
2,683,Optimal,136.0,136.0,0.0
2,684,Optimal,125.0,125.0,0.0
2,685,Optimal,17.0,17.0,0.0
2,686,Infeasible,,,
2,687,Optimal,0.0,0.0,0.0
2,688,Infeasible,,,
2,689,Infeasible,,,
2,690,Infeasible,,,
2,691,Optimal,114.0,114.0,0.0
2,692,Optimal,91.0,91.0,0.0
2,693,Infeasible,,,
2,694,Optimal,691.0,691.0,0.0
2,695,Infeasible,,,
2,696,Optimal,0.0,0.0,0.0
2,697,Infeasible,,,
2,698,Infeasible,,,
2,699,Optimal,99.0,99.0,0.0
2,700,Optimal,216.0,216.0,0.0
2,701,Optimal,356.0,356.0,0.0
2,702,Optimal,0.0,0.0,0.0
2,703,Infeasible,,,
2,704,Optimal,296.0,296.0,0.0
2,705,Infeasible,,,
2,706,Optimal,6.0,6.0,0.0
2,707,Optimal,350.0,350.0,0.0
2,708,Optimal,8.0,8.0,0.0
2,709,Infeasible,,,
2,710,Infeasible,,,
2,711,Optimal,270.0,270.0,0.0
2,712,Optimal,77.0,77.0,0.0
2,713,Infeasible,,,
2,714,Optimal,34.0,34.0,0.0
2,715,Infeasible,,,
2,716,Infeasible,,,
2,717,Infeasible,,,
2,718,Optimal,15.0,15.0,0.0
2,719,Infeasible,,,
2,720,Optimal,130.0,130.0,0.0
2,721,Optimal,387.0,387.0,0.0
2,722,Optimal,122.5,123.0,0.5
2,723,Optimal,412.0,412.0,0.0
2,724,Infeasible,,,
2,725,Infeasible,,,
2,726,Optimal,182.0,182.0,0.0
2,727,Infeasible,,,
2,728,Optimal,175.0,175.0,0.0
2,729,Infeasible,,,
2,730,Infeasible,,,
2,731,Infeasible,,,
2,732,Infeasible,,,
2,733,Optimal,705.5,707.0,1.5
2,734,Infeasible,,,
2,735,Infeasible,,,
2,736,Optimal,0.0,0.0,0.0
2,737,Infeasible,,,
2,738,Optimal,60.0,60.0,0.0
2,739,Optimal,476.0,476.0,0.0
2,740,Infeasible,,,
2,741,Infeasible,,,
2,742,Infeasible,,,
2,743,Optimal,181.0,181.0,0.0
2,744,Optimal,73.0,73.0,0.0
2,745,Infeasible,,,
2,746,Infeasible,,,
2,747,Infeasible,,,
2,748,Infeasible,,,
2,749,Infeasible,,,
2,750,Infeasible,,,
2,751,Optimal,4.0,4.0,0.0
2,752,Optimal,534.0,534.0,0.0
2,753,Optimal,10.0,10.0,0.0
2,754,Infeasible,,,
2,755,Infeasible,,,
2,756,Infeasible,,,
2,757,Infeasible,,,
2,758,Infeasible,,,
2,759,Optimal,341.0,341.0,0.0
2,760,Optimal,56.0,56.0,0.0
2,761,Infeasible,,,
2,762,Optimal,202.0,202.0,0.0
2,763,Infeasible,,,
2,764,Optimal,0.0,0.0,0.0
2,765,Infeasible,,,
2,766,Infeasible,,,
2,767,Optimal,524.0,524.0,0.0
2,768,Infeasible,,,
2,769,Optimal,27.0,27.0,0.0
2,770,Optimal,79.0,79.0,0.0
2,771,Infeasible,,,
2,772,Optimal,50.0,50.0,0.0
2,773,Infeasible,,,
2,774,Infeasible,,,
2,775,Infeasible,,,
2,776,Infeasible,,,
2,777,Infeasible,,,
2,778,Optimal,203.5,204.0,0.5
2,779,Optimal,40.0,40.0,0.0
2,780,Infeasible,,,
2,781,Optimal,97.0,97.0,0.0
2,782,Optimal,21.0,21.0,0.0
2,783,Infeasible,,,
2,784,Optimal,19.0,19.0,0.0
2,785,Optimal,19.0,19.0,0.0
2,786,Infeasible,,,
2,787,Infeasible,,,
2,788,Optimal,258.0,258.0,0.0
2,789,Infeasible,,,
2,790,Optimal,329.0,329.0,0.0
2,791,Optimal,217.0,217.0,0.0
2,792,Optimal,61.0,61.0,0.0
2,793,Optimal,0.0,0.0,0.0
2,794,Optimal,79.0,79.0,0.0
2,795,Infeasible,,,
2,796,Optimal,156.5,158.0,1.5
2,797,Optimal,14.0,14.0,0.0
2,798,Infeasible,,,
2,799,Infeasible,,,
2,800,Infeasible,,,
2,801,Optimal,271.0,271.0,0.0
2,802,Optimal,251.5,252.0,0.5
2,803,Optimal,35.0,35.0,0.0
2,804,Infeasible,,,
2,805,Infeasible,,,
2,806,Infeasible,,,
2,807,Optimal,36.0,36.0,0.0
2,808,Infeasible,,,
2,809,Optimal,221.0,221.0,0.0
2,810,Optimal,151.0,152.0,1.0
2,811,Optimal,362.0,362.0,0.0
2,812,Infeasible,,,
2,813,Optimal,28.0,28.0,0.0
2,814,Infeasible,,,
2,815,Optimal,30.0,30.0,0.0
2,816,Optimal,427.0,427.0,0.0
2,817,Optimal,48.0,48.0,0.0
2,818,Infeasible,,,
2,819,Optimal,450.5,451.0,0.5
2,820,Infeasible,,,
2,821,Infeasible,,,
2,822,Optimal,252.5,253.0,0.5
2,823,Optimal,0.0,0.0,0.0
2,824,Infeasible,,,
2,825,Infeasible,,,
2,826,Optimal,20.0,20.0,0.0
2,827,Optimal,18.0,18.0,0.0
2,828,Infeasible,,,
2,829,Optimal,0.0,0.0,0.0
2,830,Optimal,168.5,169.0,0.5
2,831,Optimal,767.0,767.0,0.0
2,832,Infeasible,,,
2,833,Optimal,33.0,33.0,0.0
2,834,Optimal,146.0,146.0,0.0
2,835,Infeasible,,,
2,836,Optimal,337.0,337.0,0.0
2,837,Infeasible,,,
2,838,Infeasible,,,
2,839,Optimal,41.0,41.0,0.0
2,840,Optimal,536.5,538.0,1.5
2,841,Infeasible,,,
2,842,Optimal,125.0,125.0,0.0
2,843,Optimal,149.0,149.0,0.0
2,844,Optimal,0.0,0.0,0.0
2,845,Optimal,105.0,105.0,0.0
2,846,Optimal,86.0,86.0,0.0
2,847,Optimal,206.0,206.0,0.0
2,848,Optimal,228.0,228.0,0.0
2,849,Infeasible,,,
2,850,Optimal,99.0,99.0,0.0
2,851,Optimal,229.5,230.0,0.5
2,852,Infeasible,,,
2,853,Optimal,36.0,36.0,0.0
2,854,Infeasible,,,
2,855,Optimal,122.0,122.0,0.0
2,856,Infeasible,,,
2,857,Infeasible,,,
2,858,Optimal,10.0,10.0,0.0
2,859,Infeasible,,,
2,860,Optimal,36.0,36.0,0.0
2,861,Optimal,33.0,33.0,0.0
2,862,Infeasible,,,
2,863,Infeasible,,,
2,864,Optimal,109.0,109.0,0.0
2,865,Infeasible,,,
2,866,Optimal,50.0,50.0,0.0
2,867,Infeasible,,,
2,868,Optimal,690.0,690.0,0.0
2,869,Optimal,51.0,51.0,0.0
2,870,Infeasible,,,
2,871,Infeasible,,,
2,872,Infeasible,,,
2,873,Infeasible,,,
2,874,Optimal,86.0,86.0,0.0
2,875,Infeasible,,,
2,876,Optimal,84.0,84.0,0.0
2,877,Infeasible,,,
2,878,Infeasible,,,
2,879,Infeasible,,,
2,880,Infeasible,,,
2,881,Infeasible,,,
2,882,Infeasible,,,
2,883,Optimal,34.0,34.0,0.0
2,884,Infeasible,,,
2,885,Optimal,189.0,189.0,0.0
2,886,Optimal,341.0,341.0,0.0
2,887,Optimal,87.0,87.0,0.0
2,888,Infeasible,,,
2,889,Optimal,144.0,144.0,0.0
2,890,Optimal,0.0,0.0,0.0
2,891,Optimal,406.0,406.0,0.0
2,892,Optimal,186.0,186.0,0.0
2,893,Infeasible,,,
2,894,Infeasible,,,
2,895,Optimal,642.0,644.0,2.0
2,896,Infeasible,,,
2,897,Infeasible,,,
2,898,Infeasible,,,
2,899,Optimal,66.0,66.0,0.0
2,900,Optimal,18.0,18.0,0.0
2,901,Infeasible,,,
2,902,Optimal,231.0,231.0,0.0
2,903,Optimal,416.0,416.0,0.0
2,904,Optimal,21.0,21.0,0.0
2,905,Infeasible,,,
2,906,Optimal,0.0,0.0,0.0
2,907,Optimal,0.0,0.0,0.0
2,908,Infeasible,,,
2,909,Optimal,17.0,17.0,0.0
2,910,Optimal,277.0,279.0,2.0
2,911,Optimal,21.0,21.0,0.0
2,912,Optimal,69.0,69.0,0.0
2,913,Infeasible,,,
2,914,Optimal,777.0,777.0,0.0
2,915,Optimal,258.0,258.0,0.0
2,916,Optimal,0.0,0.0,0.0
2,917,Optimal,0.0,0.0,0.0
2,918,Optimal,49.0,49.0,0.0
2,919,Infeasible,,,
2,920,Optimal,355.5,356.0,0.5
2,921,Optimal,137.0,137.0,0.0
2,922,Infeasible,,,
2,923,Infeasible,,,
2,924,Infeasible,,,
2,925,Optimal,145.0,145.0,0.0
2,926,Infeasible,,,
2,927,Infeasible,,,
2,928,Infeasible,,,
2,929,Optimal,217.0,217.0,0.0
2,930,Optimal,53.0,53.0,0.0
2,931,Optimal,0.0,0.0,0.0
2,932,Infeasible,,,
2,933,Optimal,145.0,145.0,0.0
2,934,Infeasible,,,
2,935,Optimal,368.0,368.0,0.0
2,936,Optimal,359.0,359.0,0.0
2,937,Infeasible,,,
2,938,Optimal,0.0,0.0,0.0
2,939,Infeasible,,,
2,940,Optimal,156.0,156.0,0.0
2,941,Infeasible,,,
2,942,Infeasible,,,
2,943,Optimal,176.0,176.0,0.0
2,944,Optimal,130.0,130.0,0.0
2,945,Optimal,12.0,12.0,0.0
2,946,Optimal,89.0,89.0,0.0
2,947,Infeasible,,,
2,948,Infeasible,,,
2,949,Optimal,58.0,58.0,0.0
2,950,Optimal,30.0,30.0,0.0
2,951,Optimal,592.0,592.0,0.0
2,952,Infeasible,,,
2,953,Infeasible,,,
2,954,Infeasible,,,
2,955,Infeasible,,,
2,956,Infeasible,,,
2,957,Optimal,124.0,124.0,0.0
2,958,Infeasible,,,
2,959,Optimal,157.0,157.0,0.0
2,960,Optimal,116.0,116.0,0.0
2,961,Optimal,82.0,82.0,0.0
2,962,Infeasible,,,
2,963,Optimal,271.5,272.0,0.5
2,964,Infeasible,,,
2,965,Infeasible,,,
2,966,Infeasible,,,
2,967,Infeasible,,,
2,968,Infeasible,,,
2,969,Optimal,0.0,0.0,0.0
2,970,Infeasible,,,
2,971,Infeasible,,,
2,972,Infeasible,,,
2,973,Optimal,70.0,70.0,0.0
2,974,Optimal,82.0,82.0,0.0
2,975,Infeasible,,,
2,976,Optimal,111.0,111.0,0.0
2,977,Infeasible,,,
2,978,Optimal,351.0,351.0,0.0
2,979,Optimal,90.0,90.0,0.0
2,980,Optimal,338.0,338.0,0.0
2,981,Infeasible,,,
2,982,Optimal,0.0,0.0,0.0
2,983,Optimal,346.0,346.0,0.0
2,984,Optimal,604.5,605.0,0.5
2,985,Optimal,0.0,0.0,0.0
2,986,Infeasible,,,
2,987,Infeasible,,,
2,988,Infeasible,,,
2,989,Optimal,307.0,307.0,0.0
2,990,Optimal,140.0,140.0,0.0
2,991,Optimal,0.0,0.0,0.0
2,992,Infeasible,,,
2,993,Optimal,247.0,247.0,0.0
2,994,Optimal,281.0,282.0,1.0
2,995,Infeasible,,,
2,996,Optimal,215.0,215.0,0.0
2,997,Infeasible,,,
2,998,Optimal,239.0,239.0,0.0
2,999,Optimal,358.0,358.0,0.0
