scenario,cost_normal,satisfaction_normal,equity_normal,recovery_cost_normal,cost_robust,satisfaction_robust,equity_robust,recovery_cost_robust
S1,50700.0,0.7222222222222222,0.16666666666666663,49760.0,1000.0,1.0,1.0,60.0
S2,40750.0,0.7777777777777778,0.4,39810.0,1010.0,1.0,1.0,70.0
S3,30810.0,0.8333333333333334,0.0,29870.0,1000.0,1.0,1.0,60.0
F1,40775.0,0.7777777777777778,0.5833333333333333,39835.0,1000.0,1.0,1.0,60.0
F2,30845.0,0.8333333333333334,0.6,29905.0,1010.0,1.0,1.0,70.0
F3,10975.0,0.9444444444444444,0.75,10035.0,1000.0,1.0,1.0,60.0
W1,45750.0,0.75,0.25,44810.0,1100.0,1.0,1.0,160.0
W2,35790.0,0.8055555555555556,0.5,34850.0,1010.0,1.0,1.0,70.0
W3,20890.0,0.8888888888888888,0.625,19950.0,1000.0,1.0,1.0,60.0
